record_id,first_name,last_name,gender,age,bday,role,crash_date,crash_hour,county,state,zip
1,,,M,19.0,2005-03-24,Passenger,2024-02-22,21,Westchester,NY,
2,Edward,Thompson,F,55.0,1969-09-04,Driver,2024-07-12,2,Queens,NY,14604.0
702,Edward,Lewis,M,68.0,1956-01-27,Driver,2024-10-05,1,Richmond,NY,
712,Barbara,Nguyen,M,31.0,1993-06-03,Driver,2024-09-28,2,Onondaga,NY,
3,Sandra,Harris,M,61.0,1963-04-22,Driver,2024-06-15,1,Kings,NY,11201.0
686,,Baker,F,53.0,1971-08-26,Driver,2024-02-18,10,New York,NY,
774,William,Thompson,F,33.0,1991-04-19,Driver,2024-03-21,16,,NY,10451.0
907,Edward,Perez,F,72.0,1952-06-26,Driver,2024-09-26,12,New York,NY,
4,Timothy,,F,18.0,2006-11-14,Driver,2024-11-01,2,New York,NY,10002.0
837,Carol,Harris,F,82.0,1942-08-18,Driver,2024-11-09,1,,NY,10001.0
5,Steven,Hill,M,70.0,1954-09-25,Driver,2024-09-28,0,Richmond,NY,10002.0
790,Kenneth,Baker,M,53.0,1971-10-05,Driver,2024-01-13,17,,NY,10451.0
804,John,Rodriguez,M,87.0,1937-04-22,Driver,2024-05-13,14,Nassau,NY,10002.0
6,Melissa,,M,76.0,,Driver,2024-08-19,3,,NY,
960,Kimberly,Moore,M,72.0,1952-04-11,Driver,2024-11-08,16,Westchester,NY,12207.0
7,Michael,Nelson,M,79.0,1945-12-02,Driver,2024-12-10,20,Suffolk,NY,10002.0
680,Matthew,Jones,F,18.0,2006-06-16,Driver,2024-10-11,14,Albany,NY,13202.0
803,Nancy,Hall,M,,1946-01-25,Driver,2024-02-28,10,Onondaga,NY,14604.0
852,Margaret,Young,F,36.0,1988-02-13,Driver,2024-04-23,22,Kings,NY,
879,John,Taylor,M,62.0,1962-12-03,Driver,2024-02-05,1,Westchester,NY,
8,Betty,Brown,M,22.0,2002-05-26,Driver,2024-08-20,9,New York,NY,
931,William,Perez,F,64.0,1960-08-22,Driver,2024-01-28,3,Queens,NY,
9,Donna,Hill,M,25.0,1999-10-17,Driver,2024-06-10,8,Kings,NY,10002.0
730,Laura,Lewis,F,20.0,2004-05-27,Driver,2024-07-25,3,Monroe,NY,
884,Deborah,Baker,M,58.0,1966-08-21,Passenger,2024-04-25,11,Bronx,NY,
10,Rebecca,Adams,M,82.0,1942-05-22,Driver,2024-02-23,4,Monroe,NY,
678,Joshua,Walker,F,95.0,1929-05-12,Driver,2024-12-30,8,Monroe,NY,
902,Betty,Moore,M,80.0,1944-05-24,Driver,2024-05-23,18,Nassau,NY,13202.0
11,Emily,Smith,M,35.0,1989-09-02,Driver,2024-07-08,18,Queens,NY,
12,Ronald,Clark,F,,1983-05-06,Driver,2024-12-25,3,New York,NY,
713,Kathleen,Martinez,M,,1955-04-21,Passenger,2024-08-30,3,,NY,14604.0
723,Susan,Rodriguez,F,89.0,1935-08-17,Driver,2024-12-04,6,Bronx,NY,
13,,Miller,F,21.0,2003-07-20,Passenger,2024-09-18,3,New York,NY,
14,Richard,Clark,F,88.0,1936-03-20,Driver,2024-10-18,9,New York,NY,11901.0
994,George,Anderson,M,29.0,1995-05-20,Driver,2024-12-21,18,Richmond,NY,
15,John,,F,89.0,1935-02-15,Driver,2024-07-31,20,Richmond,NY,
16,Michelle,Campbell,F,94.0,1930-09-15,Driver,2024-03-22,23,Onondaga,NY,
728,Carol,Nguyen,M,33.0,1991-09-07,Driver,2024-07-31,12,Onondaga,NY,14201.0
919,,Miller,M,22.0,2002-08-19,Driver,2024-11-26,8,Richmond,NY,
979,Charles,Anderson,M,84.0,1940-04-01,Driver,2024-09-08,22,Westchester,NY,11701.0
17,Matthew,Nguyen,F,25.0,1999-07-16,Driver,2024-01-04,11,Monroe,NY,11901.0
18,,Lopez,M,71.0,1953-08-11,Driver,2024-06-21,12,Monroe,NY,11901.0
19,David,Hill,,33.0,,Passenger,2024-02-25,18,Albany,NY,13021.0
978,Donna,Scott,F,,1944-07-21,Driver,2024-08-22,7,Queens,NY,10001.0
990,,Hill,M,22.0,2002-02-06,Driver,2024-06-13,7,New York,NY,
20,Margaret,White,F,35.0,1989-07-06,Driver,2024-09-24,20,Monroe,NY,
695,Ronald,Rivera,M,23.0,2001-05-01,Driver,2024-12-11,20,New York,NY,
834,,Hernandez,F,80.0,1944-02-22,Driver,2024-11-24,3,Nassau,NY,12207.0
21,Kimberly,Gonzalez,M,57.0,1967-09-25,Driver,2024-05-03,22,Onondaga,NY,
696,Betty,Gonzalez,F,76.0,1948-11-28,Driver,2024-07-25,8,New York,NY,
22,Susan,,M,59.0,1965-10-10,Driver,2024-02-21,6,Monroe,NY,10002.0
676,Joshua,Scott,M,64.0,1960-03-02,Driver,2024-12-13,22,Bronx,NY,
23,Amanda,Brown,M,45.0,1979-02-08,Driver,2024-03-01,17,New York,NY,11701.0
681,,Adams,M,73.0,1951-01-20,Driver,2024-10-06,18,Bronx,NY,
24,John,Anderson,M,23.0,2001-02-22,Driver,2024-04-29,8,Suffolk,NY,14830.0
25,Joshua,Taylor,M,25.0,1999-10-01,Driver,2024-12-10,8,Richmond,NY,
987,Cynthia,Harris,M,24.0,2000-08-17,Driver,2024-04-18,2,Albany,NY,
26,Linda,Sanchez,F,26.0,1998-11-28,Driver,2024-10-04,14,New York,NY,10002.0
673,Donna,Thomas,F,45.0,1979-06-10,Driver,2024-03-01,17,Monroe,NY,
793,Michelle,Green,M,59.0,1965-06-13,Driver,2024-05-24,14,,NY,14604.0
905,Susan,Thompson,F,29.0,1995-02-13,Driver,2024-04-08,1,Bronx,NY,10451.0
971,,Martinez,,81.0,1943-09-04,Driver,2024-10-02,19,Kings,NY,
27,Charles,Allen,F,80.0,1944-08-08,Driver,2024-08-21,17,Erie,NY,14201.0
28,Andrew,Harris,M,28.0,1996-06-24,Driver,2024-08-30,22,New York,NY,
29,Edward,Wright,M,23.0,2001-09-02,Driver,2024-11-12,2,Kings,NY,10001.0
950,Sarah,Sanchez,,46.0,1978-11-24,Driver,2024-01-10,3,Nassau,NY,14201.0
962,Sharon,Robinson,M,45.0,1979-05-05,Driver,2024-08-19,16,Onondaga,NY,
30,Michelle,Baker,M,35.0,1989-04-15,Driver,2024-11-22,8,Onondaga,NY,11701.0
704,Anthony,Harris,M,18.0,2006-03-09,Driver,2024-06-03,8,Bronx,NY,
727,Thomas,Scott,M,79.0,1945-05-01,Driver,2024-03-06,18,Westchester,NY,13202.0
921,William,Wright,M,17.0,2007-04-08,Driver,2024-06-25,3,Kings,NY,
31,Kevin,Sanchez,M,86.0,1938-12-02,Driver,2024-11-06,23,Onondaga,NY,11201.0
754,Richard,Jones,M,83.0,1941-11-04,Driver,2024-09-05,18,Bronx,NY,11901.0
32,Kimberly,Allen,F,42.0,1982-08-26,Driver,2024-05-31,23,Nassau,NY,
752,,,M,17.0,2007-05-18,Passenger,2024-02-16,3,New York,NY,10001.0
798,William,,,17.0,2007-04-01,Driver,2024-10-05,14,Kings,NY,
33,,,F,46.0,1978-10-08,Driver,2024-11-27,2,Suffolk,NY,
679,Deborah,Jones,F,88.0,1936-04-19,Driver,2024-05-19,13,Onondaga,NY,
34,Susan,Lewis,M,21.0,2003-02-22,Driver,2024-07-07,17,Suffolk,NY,
958,Daniel,Walker,,,1950-03-13,Driver,2024-07-14,22,Westchester,NY,
35,James,Moore,F,18.0,2006-09-09,Driver,2024-03-30,3,,NY,12207.0
36,Mary,Brown,F,53.0,1971-11-04,Driver,2024-09-08,22,Onondaga,NY,
816,William,Nguyen,,51.0,,Passenger,2024-02-17,17,Queens,NY,14201.0
37,,,M,46.0,1978-07-11,Passenger,2024-12-06,8,Nassau,NY,
692,Kimberly,Martinez,M,23.0,2001-06-27,Driver,2024-06-13,2,Nassau,NY,
839,Timothy,Lee,M,22.0,2002-01-04,Driver,2024-10-06,9,Erie,NY,10002.0
38,Steven,Wilson,F,92.0,1932-02-12,Driver,2024-10-11,11,Bronx,NY,11701.0
800,Elizabeth,Rivera,,20.0,2004-11-10,Driver,2024-09-07,6,Suffolk,NY,11701.0
953,John,Davis,F,21.0,2003-03-08,Driver,2024-04-26,22,Erie,NY,
39,Mary,Garcia,F,22.0,2002-08-11,Driver,2024-03-21,11,Monroe,NY,14604.0
947,John,Garcia,F,46.0,1978-09-13,Passenger,2024-07-31,6,Richmond,NY,14201.0
40,Susan,Martin,F,42.0,1982-05-11,Driver,2024-03-02,0,Onondaga,NY,
41,Sandra,Hall,F,17.0,2007-04-14,Driver,2024-10-28,12,Queens,NY,
42,Timothy,Nguyen,F,62.0,1962-11-21,Driver,2024-11-15,10,Suffolk,NY,
828,Christopher,Miller,M,94.0,1930-05-12,Driver,2024-07-02,10,Suffolk,NY,
927,Kevin,Rodriguez,M,42.0,1982-11-17,Driver,2024-05-04,6,Kings,NY,
43,Christopher,Hill,M,16.0,2008-08-04,Driver,2024-06-24,22,Bronx,NY,13021.0
891,Ryan,,F,17.0,2007-12-24,Passenger,2024-07-14,20,New York,NY,
44,Donna,Nelson,M,22.0,2002-03-20,Driver,2024-12-28,2,Monroe,NY,
45,Sharon,Mitchell,F,21.0,2003-10-05,Driver,2024-11-01,12,Erie,NY,12207.0
993,Rebecca,Thompson,M,79.0,1945-05-08,Passenger,2024-04-28,7,Suffolk,NY,
46,Matthew,Allen,M,38.0,1986-10-05,Driver,2024-05-08,1,Suffolk,NY,
47,Kathleen,Miller,F,90.0,1934-03-05,Driver,2024-01-20,9,Onondaga,NY,14604.0
48,Andrew,Thomas,F,,2008-10-12,Driver,2024-05-03,18,New York,NY,
734,,,M,83.0,1941-06-07,Driver,2024-02-02,4,Westchester,NY,
820,,Moore,M,64.0,1960-06-14,Driver,2024-12-13,15,Monroe,NY,
49,John,Thompson,M,,1987-11-15,Driver,2024-12-22,15,Suffolk,NY,
848,Mark,Hernandez,M,23.0,2001-02-17,Driver,2024-04-08,0,Bronx,NY,11901.0
50,Deborah,Lewis,F,70.0,1954-08-23,Driver,2024-09-11,11,Queens,NY,
966,Ashley,Rivera,M,46.0,1978-09-28,Driver,2024-09-12,1,,NY,
51,Robert,Nelson,F,90.0,1934-12-22,Driver,2024-03-22,0,Erie,NY,13202.0
755,Karen,Johnson,F,23.0,2001-11-28,Driver,2024-01-03,5,Queens,NY,10002.0
52,Linda,Taylor,F,39.0,1985-10-10,Driver,2024-12-21,15,Kings,NY,
965,Elizabeth,Jackson,F,,1997-11-19,Driver,2024-10-02,11,Kings,NY,
997,Joseph,Lee,M,17.0,2007-07-05,Driver,2024-06-22,0,New York,NY,
53,Ashley,Johnson,M,79.0,1945-09-05,Driver,2024-11-09,2,Bronx,NY,
954,Kenneth,White,F,30.0,1994-07-27,Driver,2024-04-18,19,,NY,14201.0
54,Cynthia,Jackson,F,24.0,2000-05-05,Driver,2024-11-16,9,Richmond,NY,
55,Karen,Walker,M,51.0,1973-05-15,Driver,2024-02-07,22,Albany,NY,
56,Cynthia,Hernandez,F,,1978-04-25,Driver,2024-03-22,15,Queens,NY,
857,Kenneth,Gonzalez,,31.0,,Driver,2024-09-17,2,Bronx,NY,10001.0
57,Nancy,Scott,M,79.0,1945-09-09,Driver,2024-11-15,21,Richmond,NY,
58,Karen,Nguyen,M,60.0,1964-08-23,Driver,2024-10-15,9,Onondaga,NY,
914,Nancy,Nguyen,M,16.0,2008-11-02,Driver,2024-02-26,3,Nassau,NY,12207.0
59,Linda,Gonzalez,M,18.0,2006-07-23,Driver,2024-04-14,13,Queens,NY,
726,Mark,Smith,M,36.0,1988-02-17,Driver,2024-12-06,3,New York,NY,
779,Kenneth,Scott,F,77.0,1947-11-27,Driver,2024-09-01,20,New York,NY,13502.0
60,Karen,Anderson,F,44.0,1980-12-07,Driver,2024-12-19,22,Onondaga,NY,
61,Sarah,Rodriguez,M,41.0,1983-04-02,Driver,2024-12-08,16,Kings,NY,12207.0
904,Michelle,Young,,20.0,2004-10-14,Driver,2024-07-01,10,Bronx,NY,
62,Anthony,Lopez,F,22.0,2002-08-06,Driver,2024-05-28,1,Albany,NY,
63,,Green,F,58.0,1966-06-03,Driver,2024-07-24,21,Bronx,NY,
64,Linda,Green,F,25.0,1999-04-08,Driver,2024-03-09,15,Erie,NY,
892,Elizabeth,Clark,F,35.0,1989-11-03,Driver,2024-11-20,15,Nassau,NY,
65,Edward,King,M,,1937-10-16,Driver,2024-02-16,16,Onondaga,NY,
863,Kenneth,Martinez,M,86.0,1938-03-17,Driver,2024-04-06,8,New York,NY,13502.0
985,Edward,Harris,F,69.0,1955-05-24,Driver,2024-09-05,13,Queens,NY,
66,Stephanie,Rodriguez,F,52.0,1972-06-13,Driver,2024-08-17,12,New York,NY,14201.0
67,Anthony,,F,27.0,1997-04-07,Driver,2024-02-04,3,Richmond,NY,
68,Emily,Nguyen,F,53.0,1971-09-16,Driver,2024-01-25,11,Suffolk,NY,11901.0
718,Stephanie,Martinez,F,24.0,2000-10-08,Driver,2024-04-24,8,Westchester,NY,
748,,,F,,1950-08-13,Pedestrian,2024-04-04,10,Suffolk,NY,10451.0
69,Jennifer,Wright,F,20.0,2004-07-22,Driver,2024-11-05,19,Albany,NY,
787,Mark,Scott,F,35.0,1989-04-07,Driver,2024-08-15,20,Westchester,NY,
915,Nancy,Robinson,F,20.0,2004-02-08,Driver,2024-06-24,8,Suffolk,NY,
952,,Moore,F,81.0,1943-12-04,Driver,2024-11-13,20,Onondaga,NY,
70,Sandra,Wright,F,21.0,2003-09-16,Driver,2024-08-26,3,Westchester,NY,
707,Lisa,Martinez,F,21.0,2003-07-20,Driver,2024-05-18,16,Albany,NY,14830.0
739,Sarah,Williams,M,25.0,1999-03-06,Driver,2024-12-06,5,Albany,NY,
71,Carol,Mitchell,F,,,Passenger,2024-10-06,15,Erie,NY,
825,,Davis,,87.0,1937-12-21,Driver,2024-01-03,9,Nassau,NY,13021.0
72,Paul,Scott,M,20.0,2004-09-10,Driver,2024-01-09,16,Westchester,NY,
73,Donald,Brown,F,31.0,1993-08-28,Driver,2024-08-10,20,Nassau,NY,14201.0
933,Kathleen,Hill,M,49.0,1975-09-08,Driver,2024-09-14,9,Kings,NY,
74,Edward,Harris,F,77.0,1947-12-05,Driver,2024-12-18,23,Bronx,NY,
772,Lisa,Baker,F,94.0,1930-04-28,Driver,2024-02-12,10,Suffolk,NY,11701.0
75,Melissa,Jones,M,18.0,2006-12-13,Driver,2024-06-11,11,Bronx,NY,
677,Matthew,Miller,M,82.0,,Driver,2024-01-25,10,Erie,NY,
916,Nancy,Thompson,,63.0,1961-06-16,Driver,2024-11-02,9,Onondaga,NY,11901.0
76,David,Rodriguez,M,18.0,,Driver,2024-08-10,8,New York,NY,
77,Barbara,Sanchez,F,,2001-10-26,Driver,2024-05-04,10,New York,NY,10451.0
78,Matthew,Jones,M,83.0,1941-07-18,Driver,2024-09-16,22,New York,NY,14830.0
753,,Clark,F,51.0,1973-09-02,Driver,2024-02-07,19,Richmond,NY,
79,Nancy,Sanchez,M,87.0,1937-09-05,Driver,2024-06-25,0,Onondaga,NY,
80,Kimberly,Lopez,F,22.0,2002-08-08,Driver,2024-07-26,20,,NY,11901.0
973,David,Smith,F,33.0,1991-11-22,Driver,2024-05-28,14,Erie,NY,14830.0
81,,Nguyen,M,79.0,1945-10-06,Passenger,2024-12-10,22,Monroe,NY,
948,Andrew,White,F,17.0,2007-08-22,Driver,2024-10-22,12,Monroe,NY,11201.0
82,Michelle,Brown,F,57.0,1967-03-07,Driver,2024-07-15,17,,NY,
691,Paul,Perez,F,19.0,2005-11-06,Driver,2024-01-12,18,Bronx,NY,12207.0
711,Stephanie,Anderson,M,27.0,1997-12-21,Driver,2024-07-03,23,Queens,NY,
83,Jason,Williams,F,71.0,1953-07-04,Driver,2024-11-30,7,Monroe,NY,
84,Charles,,,58.0,1966-11-27,Passenger,2024-02-18,4,New York,NY,
85,Sandra,Young,M,17.0,2007-12-15,Driver,2024-11-21,21,Westchester,NY,
764,Kimberly,Nguyen,M,53.0,1971-05-04,Driver,2024-11-23,22,Suffolk,NY,
86,Brian,Rodriguez,F,20.0,2004-02-21,Driver,2024-07-03,8,Bronx,NY,
799,,Walker,M,33.0,,Passenger,2024-09-13,9,Erie,NY,
87,Michael,Lee,M,22.0,2002-03-21,Driver,2024-12-12,4,Bronx,NY,
757,Elizabeth,Davis,M,30.0,1994-12-08,Driver,2024-02-12,10,Kings,NY,
88,Joshua,Jackson,F,92.0,1932-11-10,Driver,2024-04-15,16,Richmond,NY,
89,Robert,Smith,M,16.0,2008-07-17,Driver,2024-05-26,20,Westchester,NY,11201.0
90,Kathleen,Ramirez,M,66.0,1958-05-22,Driver,2024-12-02,23,Erie,NY,14201.0
729,Ryan,Williams,M,34.0,1990-03-22,Driver,2024-12-23,7,Monroe,NY,
932,Lisa,Thomas,M,22.0,,Driver,2024-06-23,5,New York,NY,
91,,Torres,M,17.0,,Driver,2024-02-29,7,Westchester,NY,11701.0
92,Joseph,King,F,30.0,1994-08-28,Driver,2024-05-24,9,Nassau,NY,10451.0
93,George,Martin,M,72.0,1952-07-16,Driver,2024-01-31,4,Westchester,NY,
858,Carol,Hernandez,,43.0,1981-02-23,Driver,2024-11-11,16,Westchester,NY,10002.0
869,,Wilson,F,93.0,1931-11-14,Driver,2024-10-21,16,Nassau,NY,10451.0
94,Sarah,Anderson,,25.0,1999-02-05,Driver,2024-02-24,5,Onondaga,NY,
783,,Thompson,F,41.0,1983-08-27,Pedal Cycle,2024-07-06,21,New York,NY,
855,Betty,Williams,M,72.0,1952-10-20,Driver,2024-05-13,11,Monroe,NY,
955,Rebecca,Robinson,F,70.0,1954-07-05,Driver,2024-06-26,19,Bronx,NY,14604.0
95,Mary,Sanchez,F,82.0,1942-04-04,Driver,2024-08-24,3,Erie,NY,
981,Kevin,,M,,1982-02-17,Driver,2024-11-18,5,Queens,NY,
96,Kathleen,Torres,M,57.0,1967-01-13,Driver,2024-12-15,13,Erie,NY,
901,David,,F,26.0,1998-02-17,Driver,2024-04-21,4,Kings,NY,
97,Daniel,Walker,M,94.0,1930-10-17,Driver,2024-06-13,12,Monroe,NY,
98,Daniel,Lopez,F,90.0,1934-12-23,Driver,2024-07-02,18,Albany,NY,
670,Barbara,,F,23.0,2001-05-18,Driver,2024-11-07,0,Monroe,NY,11701.0
99,Laura,Lee,M,18.0,2006-02-28,Driver,2024-09-26,11,Bronx,NY,
1000,,Taylor,F,58.0,1966-02-05,Driver,2024-02-14,7,Albany,NY,13021.0
100,Betty,Torres,M,94.0,1930-10-08,Passenger,2024-11-23,18,Bronx,NY,13202.0
898,James,,M,86.0,1938-08-03,Driver,2024-10-22,19,Albany,NY,
917,,Wilson,F,95.0,1929-11-10,Driver,2024-08-15,0,Monroe,NY,12207.0
980,,Hill,F,21.0,2003-03-15,Driver,2024-06-16,20,New York,NY,10002.0
101,Ashley,Harris,M,91.0,1933-08-26,Driver,2024-10-22,20,Suffolk,NY,13502.0
102,Susan,Gonzalez,M,94.0,1930-12-18,Driver,2024-05-15,21,Monroe,NY,10451.0
103,Paul,Harris,M,49.0,1975-03-15,Driver,2024-01-23,8,Onondaga,NY,10451.0
104,John,Allen,F,83.0,1941-11-20,Driver,2024-03-16,3,Onondaga,NY,14201.0
105,Ronald,Clark,M,25.0,1999-10-19,Driver,2024-02-21,3,Richmond,NY,
885,Robert,Allen,F,21.0,2003-09-12,Passenger,2024-04-10,8,,NY,
106,Karen,Martin,M,87.0,1937-11-04,Passenger,2024-04-26,4,Monroe,NY,
107,Jeffrey,,F,23.0,2001-01-12,Driver,2024-12-26,6,Monroe,NY,
108,,Baker,M,81.0,1943-01-28,Passenger,2024-12-15,0,Onondaga,NY,
740,Michael,Gonzalez,M,18.0,2006-09-13,Driver,2024-02-29,6,Erie,NY,
109,Emily,Adams,,17.0,2007-08-03,Driver,2024-06-21,8,Suffolk,NY,14830.0
110,Jason,Gonzalez,M,60.0,1964-11-26,Driver,2024-08-31,21,Nassau,NY,
835,Steven,Davis,F,25.0,1999-02-24,Driver,2024-01-28,23,Queens,NY,14604.0
111,Linda,Walker,M,83.0,1941-10-03,Driver,2024-08-29,6,Queens,NY,11201.0
868,Thomas,,M,75.0,1949-07-16,Driver,2024-07-02,13,New York,NY,
112,David,Young,F,34.0,1990-10-14,Driver,2024-11-20,13,New York,NY,13021.0
113,George,,F,,2006-06-16,Passenger,2024-07-02,6,Erie,NY,14604.0
811,Sharon,Garcia,M,24.0,2000-04-22,Driver,2024-05-05,0,Richmond,NY,
935,Timothy,Hill,M,80.0,1944-02-28,Driver,2024-09-05,22,Albany,NY,
114,Brian,Martinez,M,65.0,1959-05-14,Driver,2024-12-04,3,Suffolk,NY,
900,George,Sanchez,,42.0,1982-09-25,Driver,2024-09-21,12,Suffolk,NY,13021.0
115,James,Smith,F,62.0,1962-11-16,Driver,2024-03-17,2,,NY,13202.0
116,Sarah,Campbell,M,37.0,1987-02-13,Driver,2024-07-23,14,,NY,
117,Linda,Clark,M,21.0,2003-01-23,Driver,2024-12-13,16,Westchester,NY,
847,Jennifer,Thompson,F,18.0,2006-12-20,Driver,2024-02-28,21,Suffolk,NY,14830.0
118,David,Jones,F,21.0,2003-05-02,Driver,2024-09-16,7,Queens,NY,10001.0
119,Nancy,Brown,F,47.0,1977-09-25,Driver,2024-11-13,19,Onondaga,NY,
120,Sandra,Gonzalez,F,22.0,2002-01-21,Driver,2024-12-10,18,Bronx,NY,
744,Emily,Nguyen,F,78.0,1946-03-25,Driver,2024-11-20,18,Queens,NY,
826,Timothy,Young,F,47.0,1977-04-03,Driver,2024-02-21,3,Erie,NY,
882,James,Campbell,M,57.0,1967-07-10,Driver,2024-01-09,10,Monroe,NY,
121,Timothy,Thomas,M,44.0,1980-08-26,Driver,2024-03-09,4,New York,NY,
813,Kimberly,Nelson,F,22.0,2002-11-06,Driver,2024-08-23,12,Erie,NY,10002.0
122,Kevin,Rivera,M,60.0,1964-05-28,Driver,2024-08-04,0,Queens,NY,14201.0
123,Ronald,Hall,M,94.0,1930-07-13,Passenger,2024-08-01,21,Nassau,NY,11901.0
767,Betty,Hill,F,21.0,2003-09-11,Driver,2024-06-25,15,Nassau,NY,
796,,Adams,F,36.0,,Pedestrian,2024-07-17,12,Suffolk,NY,
124,Sarah,Scott,M,20.0,2004-01-11,Driver,2024-08-26,22,Erie,NY,13502.0
871,Laura,Rivera,F,70.0,1954-07-28,Driver,2024-06-03,16,Bronx,NY,10451.0
125,,Flores,M,,1998-02-22,Passenger,2024-06-26,14,Kings,NY,10001.0
781,Robert,Wilson,M,84.0,1940-11-21,Driver,2024-09-14,12,New York,NY,
126,Kevin,Green,F,53.0,1971-02-07,Driver,2024-10-02,22,,NY,
747,Rebecca,Wilson,M,80.0,1944-12-06,Driver,2024-01-03,3,Monroe,NY,
874,Paul,Jones,F,19.0,2005-06-15,Driver,2024-12-13,13,Bronx,NY,
899,Melissa,Torres,M,17.0,2007-05-15,Driver,2024-10-15,23,Albany,NY,13202.0
918,Linda,Scott,M,21.0,2003-01-17,Passenger,2024-12-30,6,,NY,
127,Deborah,Nguyen,M,48.0,1976-09-04,Driver,2024-05-28,21,Monroe,NY,13502.0
725,Rebecca,Harris,M,71.0,1953-05-10,Driver,2024-07-15,15,Westchester,NY,14830.0
743,Steven,Brown,F,74.0,1950-02-09,Driver,2024-08-30,11,Kings,NY,13021.0
771,,Hill,M,75.0,1949-08-10,Passenger,2024-10-26,0,,NY,
946,Anthony,Martin,F,90.0,1934-01-16,Passenger,2024-10-12,13,,NY,
128,John,,F,82.0,,Passenger,2024-04-17,23,Westchester,NY,14830.0
129,Michelle,Jones,M,23.0,2001-06-20,Driver,2024-12-03,9,Westchester,NY,
699,Brian,Jones,M,88.0,1936-12-06,Driver,2024-03-11,6,Richmond,NY,11701.0
130,Cynthia,,M,30.0,1994-12-03,Driver,2024-01-10,16,Suffolk,NY,
789,Laura,Wright,M,39.0,1985-07-28,Driver,2024-08-19,21,Richmond,NY,14604.0
934,Susan,Hall,F,18.0,2006-12-03,Driver,2024-06-04,1,Bronx,NY,
131,Timothy,Allen,M,25.0,1999-10-22,Driver,2024-03-15,23,Westchester,NY,
701,Nancy,Sanchez,M,62.0,1962-10-18,Driver,2024-05-18,12,Albany,NY,
792,Patricia,Jackson,,21.0,2003-07-13,Driver,2024-09-17,10,Bronx,NY,
132,Matthew,White,F,30.0,1994-09-09,Driver,2024-07-11,7,Queens,NY,
133,Carol,Clark,M,25.0,1999-10-06,Driver,2024-03-09,20,Queens,NY,14201.0
944,Amanda,Smith,F,18.0,2006-04-11,Driver,2024-08-12,17,New York,NY,14201.0
983,Elizabeth,Taylor,M,38.0,1986-12-03,Driver,2024-05-05,14,Kings,NY,13021.0
134,Steven,Taylor,M,94.0,1930-08-20,Driver,2024-10-29,2,Kings,NY,10001.0
135,Laura,Williams,F,95.0,1929-08-26,Driver,2024-07-14,11,Richmond,NY,
716,Mark,Clark,M,18.0,2006-01-22,Driver,2024-09-02,12,Bronx,NY,13502.0
136,Thomas,Taylor,F,76.0,1948-10-09,Driver,2024-12-14,12,Kings,NY,13021.0
687,Matthew,Taylor,F,68.0,1956-11-26,Driver,2024-06-12,22,Onondaga,NY,
137,David,Harris,F,17.0,2007-03-16,Driver,2024-11-03,13,Bronx,NY,
802,Michelle,Rivera,M,20.0,2004-03-22,Driver,2024-07-13,21,Westchester,NY,11701.0
138,David,Baker,M,16.0,2008-03-03,Driver,2024-05-21,12,Nassau,NY,
959,Kenneth,,F,,1955-08-08,Passenger,2024-02-25,22,Bronx,NY,
139,Linda,Allen,F,62.0,1962-05-23,Driver,2024-08-14,12,,NY,10451.0
817,Kenneth,Lopez,M,,1933-08-12,Driver,2024-11-23,14,Albany,NY,14604.0
140,Robert,Scott,F,76.0,1948-04-19,Driver,2024-05-17,5,Westchester,NY,
751,John,Garcia,M,20.0,2004-04-16,Driver,2024-12-06,13,Onondaga,NY,
838,Stephanie,Campbell,F,23.0,2001-11-12,Driver,2024-06-01,20,Bronx,NY,
141,Laura,Moore,M,58.0,1966-05-13,Driver,2024-04-23,18,Erie,NY,
142,Lisa,White,M,78.0,1946-12-25,Driver,2024-07-09,11,New York,NY,
143,Thomas,Scott,F,,2007-12-06,Driver,2024-01-31,6,Monroe,NY,14830.0
703,Kevin,King,F,21.0,2003-08-12,Driver,2024-02-21,5,Monroe,NY,
854,Susan,Hill,F,21.0,2003-06-04,Unknown,2024-08-12,8,Bronx,NY,10002.0
144,Laura,Hernandez,F,52.0,1972-11-20,Driver,2024-10-19,12,Bronx,NY,
145,Robert,Walker,M,22.0,2002-09-25,Driver,2024-02-12,3,Monroe,NY,
146,Kenneth,Mitchell,F,81.0,1943-11-21,Driver,2024-09-30,9,,NY,
780,Nancy,,M,67.0,1957-05-28,Driver,2024-03-18,19,Monroe,NY,11201.0
805,Donald,Torres,M,19.0,2005-12-17,Driver,2024-07-30,20,New York,NY,
147,Richard,Clark,F,72.0,1952-03-23,Driver,2024-11-26,12,New York,NY,14604.0
876,Charles,Allen,F,21.0,2003-04-15,Driver,2024-08-23,8,Albany,NY,14604.0
148,Mary,Lopez,F,,2006-12-15,Driver,2024-01-05,7,Bronx,NY,11201.0
738,Michael,Jackson,F,22.0,2002-08-02,Driver,2024-02-22,10,,NY,
149,Stephanie,,M,38.0,,Pedestrian,2024-02-18,16,Suffolk,NY,
150,Jessica,Smith,F,87.0,1937-08-23,Driver,2024-11-01,4,Nassau,NY,11901.0
151,William,Taylor,F,79.0,1945-09-10,Driver,2024-10-04,22,Onondaga,NY,
152,Kevin,Wright,F,23.0,2001-09-05,Driver,2024-11-09,9,Nassau,NY,
153,Ashley,Garcia,M,76.0,1948-09-24,Driver,2024-07-31,11,Westchester,NY,
741,,Smith,M,78.0,1946-07-07,Driver,2024-05-17,5,Westchester,NY,
763,Sarah,Garcia,M,43.0,1981-08-20,Driver,2024-02-29,7,Nassau,NY,11201.0
154,Margaret,Miller,M,22.0,2002-09-11,Unknown,2024-12-02,5,Queens,NY,
688,Betty,Nguyen,M,17.0,,Driver,2024-04-09,10,Westchester,NY,
765,Charles,Rivera,F,17.0,2007-10-11,Driver,2024-03-05,16,Bronx,NY,13021.0
155,Mary,King,M,26.0,1998-05-08,Driver,2024-04-19,10,Albany,NY,10451.0
156,Andrew,Miller,F,,1999-07-03,Driver,2024-01-29,10,Nassau,NY,
157,Andrew,Allen,M,90.0,1934-07-05,Driver,2024-03-08,10,Bronx,NY,
906,Joshua,,M,66.0,,Driver,2024-09-23,8,New York,NY,
158,Carol,Johnson,F,21.0,2003-10-27,Driver,2024-08-14,19,,NY,14201.0
721,Patricia,Adams,F,18.0,2006-04-21,Driver,2024-06-14,1,Kings,NY,
159,,Hall,F,93.0,1931-11-17,Driver,2024-01-23,8,Erie,NY,10002.0
710,Cynthia,Ramirez,F,59.0,1965-12-06,Driver,2024-04-13,0,Queens,NY,
937,Carol,Rivera,F,55.0,1969-11-21,Driver,2024-12-08,7,Bronx,NY,
160,Emily,Rivera,M,24.0,2000-05-11,Driver,2024-09-07,12,Westchester,NY,
161,Andrew,Martinez,M,25.0,1999-06-15,Driver,2024-10-04,4,Kings,NY,11201.0
162,Anthony,Martin,M,43.0,1981-03-25,Driver,2024-04-06,3,,NY,
714,Laura,Rivera,M,66.0,1958-11-18,Driver,2024-05-23,14,Onondaga,NY,13502.0
163,Joseph,Mitchell,,19.0,2005-02-06,Driver,2024-08-12,19,Onondaga,NY,
720,Cynthia,Williams,M,81.0,1943-08-20,Driver,2024-11-04,21,Westchester,NY,
164,Kimberly,Green,F,23.0,2001-07-10,Driver,2024-05-26,14,Erie,NY,
890,Deborah,Rivera,M,45.0,1979-06-10,Driver,2024-03-02,17,Westchester,NY,
165,Ronald,Hernandez,F,17.0,2007-12-15,Driver,2024-11-20,11,,NY,11201.0
708,Kenneth,Anderson,F,93.0,1931-06-19,Driver,2024-11-17,17,Albany,NY,
999,Sharon,Adams,M,18.0,2006-07-02,Driver,2024-01-04,1,Suffolk,NY,12207.0
166,James,Flores,F,23.0,2001-08-18,Driver,2024-01-03,19,Onondaga,NY,10451.0
758,Carol,Young,,26.0,1998-03-21,Driver,2024-07-05,9,Onondaga,NY,
815,,,M,,2005-09-12,Passenger,2024-09-29,0,Nassau,NY,
872,Joseph,Johnson,F,,2007-03-15,Driver,2024-10-08,18,New York,NY,11701.0
167,David,Baker,M,87.0,1937-10-19,Driver,2024-10-14,5,Onondaga,NY,
168,George,Hall,F,44.0,1980-07-20,Driver,2024-06-11,8,Queens,NY,10451.0
169,Susan,Smith,F,73.0,1951-02-10,Driver,2024-06-02,16,Queens,NY,12207.0
831,Jason,Nguyen,M,34.0,1990-11-23,Driver,2024-08-02,14,Kings,NY,
866,Sandra,Davis,F,65.0,1959-01-25,Driver,2024-10-30,18,Nassau,NY,
936,Betty,Taylor,M,24.0,2000-10-11,Driver,2024-04-16,7,Onondaga,NY,
170,Andrew,Campbell,F,65.0,1959-04-19,Driver,2024-12-16,10,Nassau,NY,11901.0
777,Mark,Campbell,M,16.0,2008-12-04,Driver,2024-11-10,9,Nassau,NY,
171,Ronald,Williams,F,54.0,1970-09-01,Driver,2024-09-04,16,Erie,NY,
706,Paul,,,25.0,1999-05-24,Driver,2024-02-05,6,Monroe,NY,12207.0
925,Laura,Martin,M,46.0,1978-08-09,Driver,2024-11-18,20,Monroe,NY,13502.0
172,Michael,King,F,27.0,1997-10-25,Driver,2024-06-08,20,Kings,NY,
173,Patricia,Rodriguez,M,29.0,1995-02-13,Driver,2024-01-28,2,New York,NY,10002.0
174,Elizabeth,Flores,M,70.0,1954-12-22,Driver,2024-06-18,10,Onondaga,NY,11901.0
745,David,Adams,M,94.0,1930-07-07,Driver,2024-11-16,17,Kings,NY,14604.0
175,Brian,Nguyen,M,62.0,1962-06-18,Driver,2024-12-21,7,Erie,NY,
910,Emily,Rodriguez,M,,2006-07-09,Driver,2024-04-21,19,Nassau,NY,
176,Kenneth,Smith,,79.0,1945-09-10,Driver,2024-07-18,19,Richmond,NY,
926,Matthew,Lewis,M,47.0,1977-03-02,Driver,2024-04-15,17,Suffolk,NY,12207.0
177,Daniel,Davis,M,41.0,1983-07-23,Driver,2024-10-29,12,Suffolk,NY,
778,Donald,Adams,F,69.0,1955-01-26,Driver,2024-10-21,5,Queens,NY,
178,Cynthia,Hall,F,70.0,1954-08-17,Driver,2024-08-05,17,Onondaga,NY,
964,Donald,Scott,,19.0,2005-04-27,Driver,2024-09-18,3,Kings,NY,
179,,King,F,23.0,2001-11-24,Driver,2024-12-05,21,Bronx,NY,14604.0
180,Deborah,Flores,M,69.0,1955-09-03,Driver,2024-05-22,8,Erie,NY,
181,Stephanie,Harris,M,85.0,1939-03-07,Driver,2024-10-22,23,Nassau,NY,
182,Daniel,Ramirez,M,73.0,1951-06-09,Driver,2024-05-16,3,Monroe,NY,
183,Joshua,Nelson,F,25.0,1999-11-04,Driver,2024-12-28,3,Bronx,NY,10002.0
878,Elizabeth,Thomas,,47.0,1977-04-17,Driver,2024-06-19,20,Suffolk,NY,13021.0
184,Thomas,Taylor,M,19.0,2005-10-13,Driver,2024-04-01,20,Onondaga,NY,
970,,Hill,M,,1979-04-22,Driver,2024-04-20,22,New York,NY,
185,Ashley,Walker,M,30.0,1994-09-08,Driver,2024-01-02,12,,NY,
186,Kenneth,Hall,M,23.0,2001-12-07,Driver,2024-03-12,1,Kings,NY,
187,Kathleen,Jones,M,16.0,2008-08-20,Driver,2024-01-24,7,Westchester,NY,
806,Kimberly,,,73.0,1951-10-06,Driver,2024-09-12,21,Erie,NY,
920,Stephanie,Thomas,F,63.0,1961-07-15,Driver,2024-07-24,21,Kings,NY,
923,Margaret,White,F,16.0,2008-09-06,Driver,2024-06-24,5,Suffolk,NY,14604.0
188,Christopher,,F,75.0,1949-02-04,Driver,2024-05-20,4,New York,NY,
189,Elizabeth,Green,M,72.0,1952-03-20,Driver,2024-12-20,1,Richmond,NY,14830.0
190,David,Nelson,F,21.0,2003-05-07,Driver,2024-08-10,8,Nassau,NY,14830.0
191,Robert,Walker,M,22.0,2002-03-07,Driver,2024-11-08,14,,NY,
737,Barbara,Rivera,F,16.0,2008-01-06,Passenger,2024-04-09,1,Erie,NY,
192,Edward,Anderson,M,57.0,1967-04-19,Driver,2024-08-30,14,Monroe,NY,
735,Patricia,Miller,F,95.0,1929-04-03,Driver,2024-06-08,6,Richmond,NY,10002.0
775,Ashley,Hill,M,65.0,1959-01-21,Driver,2024-01-12,5,Westchester,NY,13202.0
791,Carol,Smith,M,,1980-07-04,Driver,2024-08-31,11,Queens,NY,14201.0
193,Brian,Campbell,M,21.0,2003-05-08,Driver,2024-11-27,2,Albany,NY,
731,Linda,Scott,M,69.0,1955-07-07,Driver,2024-02-04,18,Richmond,NY,
194,Jennifer,Flores,F,29.0,1995-09-22,Driver,2024-07-05,1,Bronx,NY,
807,Christopher,Garcia,,75.0,1949-05-07,Driver,2024-03-14,15,Bronx,NY,10451.0
833,Joshua,Flores,M,44.0,1980-10-01,Driver,2024-05-26,20,Monroe,NY,
195,Margaret,Moore,M,79.0,1945-08-17,Driver,2024-09-26,3,Onondaga,NY,10002.0
821,Cynthia,Scott,F,78.0,1946-06-28,Driver,2024-09-20,6,Suffolk,NY,14604.0
827,Rebecca,Nelson,M,,1943-06-16,Passenger,2024-04-24,16,Kings,NY,13021.0
196,Charles,Clark,F,69.0,1955-08-12,Driver,2024-08-03,14,Westchester,NY,12207.0
674,David,Mitchell,F,21.0,2003-09-18,Driver,2024-07-23,21,Monroe,NY,
675,,Rivera,M,41.0,1983-06-24,Driver,2024-08-01,4,Kings,NY,12207.0
808,Timothy,Gonzalez,F,16.0,2008-01-24,Driver,2024-01-20,18,Albany,NY,
864,Michelle,Taylor,F,89.0,1935-06-26,Driver,2024-05-27,5,Monroe,NY,10001.0
197,Elizabeth,Thompson,M,36.0,1988-12-18,Driver,2024-05-26,5,Erie,NY,13202.0
198,James,Mitchell,M,85.0,1939-12-10,Driver,2024-08-30,9,,NY,
829,Sharon,Rodriguez,F,91.0,1933-08-12,Driver,2024-08-04,23,Westchester,NY,
199,Paul,Lewis,F,58.0,1966-07-07,Driver,2024-09-08,10,Richmond,NY,13502.0
840,George,Green,M,65.0,1959-04-18,Driver,2024-10-16,21,Suffolk,NY,
883,Karen,Young,M,39.0,1985-09-19,Driver,2024-02-16,8,Onondaga,NY,
200,Joshua,Garcia,M,24.0,2000-06-03,Driver,2024-10-29,12,Bronx,NY,
684,Daniel,King,M,44.0,1980-06-13,Driver,2024-07-26,5,Erie,NY,10002.0
201,Cynthia,Jackson,M,87.0,1937-11-08,Driver,2024-01-15,3,Monroe,NY,
202,Patricia,Jackson,,67.0,1957-09-07,Driver,2024-11-17,5,Bronx,NY,
203,,Scott,F,59.0,1965-09-23,Driver,2024-10-09,22,Bronx,NY,
788,Kenneth,Anderson,F,59.0,1965-07-07,Driver,2024-01-03,3,,NY,
814,Christopher,Hernandez,F,64.0,,Pedal Cycle,2024-10-02,19,,NY,
928,Sandra,,,78.0,,Passenger,2024-09-04,13,,NY,
204,,Davis,,53.0,1971-01-07,Driver,2024-02-25,1,Suffolk,NY,
205,Steven,Torres,M,26.0,1998-09-07,Passenger,2024-04-08,9,Erie,NY,10002.0
880,Jennifer,Garcia,M,75.0,1949-09-07,Driver,2024-08-17,8,New York,NY,
206,Melissa,Jackson,F,21.0,2003-08-04,Driver,2024-07-16,9,Onondaga,NY,13021.0
930,Margaret,Robinson,M,67.0,1957-07-02,Driver,2024-06-14,22,Suffolk,NY,13021.0
207,Deborah,Hernandez,M,47.0,1977-04-20,Driver,2024-07-25,3,Kings,NY,14604.0
208,Ashley,Baker,M,25.0,1999-11-11,Driver,2024-03-19,9,Richmond,NY,13502.0
922,Kathleen,,M,62.0,,Driver,2024-02-02,22,Monroe,NY,
209,Karen,Rivera,M,74.0,1950-12-13,Driver,2024-09-06,3,Richmond,NY,13202.0
762,Steven,Campbell,F,90.0,1934-11-06,Driver,2024-03-12,7,Erie,NY,14830.0
210,,Clark,M,72.0,1952-04-21,Passenger,2024-06-08,18,Bronx,NY,
211,Rebecca,Nelson,M,76.0,1948-07-07,Driver,2024-09-11,20,Bronx,NY,
212,Paul,Lee,M,84.0,1940-09-15,Driver,2024-12-09,17,Erie,NY,11901.0
213,Susan,Clark,M,18.0,,Driver,2024-11-03,7,New York,NY,
846,Mary,Taylor,M,,1941-07-19,Driver,2024-09-18,15,Albany,NY,
851,Joshua,Martin,F,24.0,2000-09-03,Driver,2024-02-15,18,Kings,NY,
977,Charles,Scott,,17.0,2007-03-09,Driver,2024-12-06,1,Erie,NY,11701.0
214,Karen,Jones,F,76.0,1948-11-22,Driver,2024-02-16,12,Westchester,NY,10451.0
698,Margaret,Jackson,,19.0,2005-10-09,Driver,2024-07-14,3,Erie,NY,10451.0
929,Michael,Young,F,24.0,2000-09-13,Driver,2024-10-14,1,Suffolk,NY,
975,,Scott,M,68.0,1956-02-14,Driver,2024-06-04,11,New York,NY,10451.0
215,Mark,Clark,M,80.0,,Driver,2024-12-24,3,Nassau,NY,14830.0
216,Laura,Thomas,F,94.0,1930-07-09,Driver,2024-06-03,2,,NY,12207.0
685,Karen,Wright,,74.0,1950-08-28,Driver,2024-11-23,4,New York,NY,
217,Deborah,Lee,M,16.0,2008-11-21,Driver,2024-04-04,20,Onondaga,NY,11201.0
812,Donald,Clark,,65.0,1959-12-04,Driver,2024-07-26,15,New York,NY,
218,Betty,Harris,M,40.0,1984-01-01,Driver,2024-10-12,20,Richmond,NY,
219,,Moore,M,69.0,1955-07-28,Pedal Cycle,2024-04-15,19,Kings,NY,
705,Stephanie,,F,28.0,1996-12-03,Driver,2024-08-19,0,Kings,NY,
801,Amanda,Nguyen,F,77.0,1947-06-23,Passenger,2024-11-08,13,Nassau,NY,
220,Michael,Scott,M,19.0,2005-08-12,Driver,2024-11-06,21,Richmond,NY,
875,Anthony,Rodriguez,M,54.0,1970-09-11,Driver,2024-12-22,1,Queens,NY,13021.0
924,Michael,,F,,,Passenger,2024-03-26,2,Monroe,NY,11201.0
221,Sharon,Moore,F,44.0,1980-05-20,Driver,2024-05-15,16,Nassau,NY,
969,Anthony,Rodriguez,F,24.0,2000-11-12,Driver,2024-08-09,7,Nassau,NY,13502.0
222,Sandra,Young,M,,1989-02-12,Driver,2024-02-17,6,Monroe,NY,
223,Elizabeth,Johnson,M,56.0,1968-08-21,Driver,2024-05-17,19,Suffolk,NY,
867,Donna,Wright,F,16.0,2008-07-23,Driver,2024-02-24,14,Westchester,NY,
941,Donna,Campbell,F,52.0,1972-02-07,Driver,2024-09-22,4,New York,NY,10451.0
224,Edward,Wilson,M,44.0,1980-11-25,Driver,2024-11-30,4,Bronx,NY,
225,Amanda,Anderson,F,57.0,1967-09-21,Driver,2024-11-27,16,Bronx,NY,
722,Mark,Flores,M,18.0,2006-04-21,Driver,2024-06-03,20,Monroe,NY,14201.0
732,Jeffrey,Taylor,F,16.0,2008-01-07,Driver,2024-10-07,10,Albany,NY,
226,Mary,Davis,F,90.0,1934-03-27,Driver,2024-07-20,1,Bronx,NY,
227,Joshua,Campbell,M,,1940-06-23,Driver,2024-12-10,22,Suffolk,NY,
830,,Nguyen,F,25.0,1999-04-03,Driver,2024-11-04,13,Kings,NY,
228,Mary,Lewis,F,25.0,1999-07-02,Driver,2024-06-19,0,Bronx,NY,
769,Kathleen,,M,74.0,1950-10-18,Driver,2024-01-30,4,Nassau,NY,
974,Kimberly,,F,49.0,1975-02-21,Passenger,2024-05-10,11,,NY,
229,Michelle,Adams,,65.0,1959-03-10,Driver,2024-04-08,15,Nassau,NY,14604.0
230,Ashley,Martin,M,65.0,1959-06-09,Driver,2024-07-01,21,Erie,NY,
231,Linda,Miller,M,92.0,1932-02-27,Driver,2024-10-14,1,Queens,NY,13202.0
232,Timothy,Clark,F,69.0,1955-09-14,Driver,2024-04-26,4,New York,NY,
233,Melissa,Nelson,F,52.0,1972-07-22,Driver,2024-12-24,17,Monroe,NY,
995,Andrew,Martin,,69.0,1955-05-17,Driver,2024-09-10,22,Westchester,NY,
234,Deborah,Rodriguez,M,71.0,1953-02-17,Driver,2024-10-09,9,Queens,NY,13202.0
235,Andrew,Rivera,F,82.0,1942-10-08,Driver,2024-06-28,9,Monroe,NY,
824,Barbara,Hill,F,87.0,1937-08-15,Driver,2024-04-26,23,Onondaga,NY,
842,Nancy,Garcia,F,63.0,1961-02-20,Driver,2024-05-15,20,Monroe,NY,
236,Betty,Taylor,,79.0,1945-12-16,Driver,2024-08-01,5,Erie,NY,13202.0
719,Anthony,King,F,38.0,1986-06-12,Driver,2024-12-19,14,Albany,NY,13021.0
750,Anthony,Lewis,F,24.0,2000-04-07,Driver,2024-06-17,7,Richmond,NY,
237,,Martinez,F,94.0,1930-05-10,Driver,2024-04-20,5,Westchester,NY,14830.0
881,Anthony,Sanchez,F,50.0,1974-09-05,Driver,2024-12-28,19,Albany,NY,11701.0
940,Andrew,Robinson,M,83.0,1941-04-10,Driver,2024-09-16,10,Monroe,NY,
956,Jeffrey,Taylor,,71.0,1953-11-11,Driver,2024-06-04,19,Onondaga,NY,
238,Joseph,Sanchez,M,23.0,2001-12-09,Driver,2024-11-26,2,Erie,NY,14830.0
239,Mark,Garcia,F,77.0,1947-10-02,Driver,2024-09-08,0,Nassau,NY,11201.0
240,Matthew,Davis,,25.0,,Driver,2024-09-09,16,Queens,NY,
877,Karen,Hill,M,17.0,2007-02-11,Driver,2024-08-29,6,Suffolk,NY,
241,,Wright,F,60.0,1964-07-18,Driver,2024-08-19,1,Albany,NY,
671,Robert,Hill,M,66.0,1958-12-18,Driver,2024-07-01,2,Onondaga,NY,10002.0
856,Kimberly,Nelson,F,28.0,1996-11-19,Driver,2024-08-07,22,Suffolk,NY,11201.0
242,Susan,,M,,1977-11-09,Driver,2024-12-28,14,Monroe,NY,13021.0
988,Ronald,Brown,M,,2005-04-28,Driver,2024-08-18,8,Monroe,NY,
243,Jason,Harris,,70.0,1954-12-01,Passenger,2024-03-04,14,,NY,10451.0
244,Steven,Young,M,25.0,1999-11-22,Driver,2024-11-04,18,Erie,NY,
245,Kimberly,Robinson,M,66.0,1958-12-08,Driver,2024-01-25,8,New York,NY,
689,,Campbell,M,16.0,2008-11-04,Driver,2024-10-15,5,Erie,NY,10451.0
961,Jennifer,Thompson,M,,1934-03-06,Driver,2024-08-08,5,Westchester,NY,13021.0
246,Jessica,Miller,,29.0,1995-06-17,Driver,2024-05-01,2,Richmond,NY,
247,Joseph,Hill,F,79.0,1945-07-15,Driver,2024-08-07,19,Richmond,NY,
992,Ryan,Martin,F,28.0,1996-08-17,Driver,2024-02-22,3,Bronx,NY,
248,Timothy,Thompson,M,35.0,1989-03-16,Driver,2024-06-07,19,Nassau,NY,13021.0
836,Mary,Thompson,M,79.0,1945-08-01,Driver,2024-08-14,20,Monroe,NY,11201.0
939,Joshua,,,83.0,1941-12-10,Driver,2024-09-01,13,Bronx,NY,
249,Lisa,Hernandez,M,28.0,1996-08-08,Driver,2024-01-02,20,Kings,NY,13202.0
841,Barbara,Williams,F,67.0,1957-05-23,Driver,2024-02-21,1,Onondaga,NY,
870,John,Rodriguez,F,42.0,1982-03-26,Driver,2024-10-14,13,Bronx,NY,13021.0
250,Barbara,Anderson,F,47.0,1977-09-08,Driver,2024-04-01,6,Albany,NY,
251,Jessica,Williams,F,92.0,1932-09-10,Driver,2024-03-17,10,Kings,NY,
873,Kimberly,Harris,M,19.0,2005-07-11,Driver,2024-07-31,4,Albany,NY,
252,Ryan,Nguyen,F,19.0,2005-08-28,Driver,2024-04-30,12,Kings,NY,
700,Steven,Allen,M,34.0,1990-04-15,Driver,2024-09-26,20,Queens,NY,11701.0
897,Kathleen,Allen,M,48.0,1976-07-23,Driver,2024-11-10,19,Kings,NY,
253,Daniel,Garcia,M,82.0,1942-11-03,Driver,2024-05-21,7,Bronx,NY,11201.0
683,Kevin,Lee,M,25.0,,Passenger,2024-06-12,9,Westchester,NY,14830.0
785,Joseph,Mitchell,M,23.0,2001-10-25,Driver,2024-04-20,8,Suffolk,NY,14201.0
786,Edward,Hall,F,88.0,1936-12-01,Driver,2024-05-26,11,Onondaga,NY,13502.0
963,George,Rivera,F,54.0,1970-06-26,Driver,2024-05-17,18,Kings,NY,11901.0
254,Elizabeth,Sanchez,M,39.0,1985-08-08,Driver,2024-09-21,18,Queens,NY,
822,Betty,,M,16.0,2008-11-26,Driver,2024-08-23,15,Nassau,NY,
844,Michael,Gonzalez,M,56.0,1968-12-10,Driver,2024-01-24,5,Westchester,NY,11201.0
845,George,Wilson,M,33.0,1991-02-26,Driver,2024-08-22,13,Bronx,NY,
255,Karen,Lee,F,66.0,1958-03-05,Driver,2024-06-18,18,Suffolk,NY,13021.0
256,Joseph,Jackson,F,16.0,2008-06-17,Driver,2024-01-06,5,Nassau,NY,14201.0
770,Barbara,Lee,F,60.0,1964-05-22,Driver,2024-04-04,7,Westchester,NY,13202.0
819,Mary,Rodriguez,F,50.0,1974-11-23,Driver,2024-08-04,4,Monroe,NY,11701.0
843,Mark,Lewis,F,58.0,1966-09-14,Driver,2024-03-13,13,Kings,NY,
938,Thomas,Perez,M,,,Passenger,2024-01-23,18,,NY,11201.0
257,Jason,Sanchez,F,21.0,2003-10-16,Driver,2024-08-23,14,Richmond,NY,
258,Paul,Jackson,F,,2005-08-14,Driver,2024-10-10,3,,NY,12207.0
832,Kathleen,,,66.0,1958-03-12,Driver,2024-11-07,7,New York,NY,12207.0
259,Melissa,Lewis,M,36.0,1988-03-27,Driver,2024-01-10,19,Bronx,NY,
260,Joshua,Smith,M,71.0,1953-04-12,Driver,2024-05-02,6,Bronx,NY,
694,John,,M,23.0,2001-01-26,Driver,2024-08-14,0,,NY,
261,Michael,Thompson,M,21.0,2003-01-13,Driver,2024-04-18,14,Kings,NY,
761,Anthony,Lopez,M,58.0,1966-08-25,Driver,2024-02-22,0,Albany,NY,
262,Timothy,Hall,F,56.0,1968-02-11,Driver,2024-01-10,19,Richmond,NY,11901.0
263,Jeffrey,Perez,M,16.0,2008-09-26,Driver,2024-07-31,20,Monroe,NY,14830.0
264,Donna,Scott,F,41.0,1983-09-03,Driver,2024-08-06,23,Onondaga,NY,
860,Robert,Perez,M,25.0,,Driver,2024-02-22,9,Onondaga,NY,10002.0
265,Edward,Garcia,F,64.0,1960-09-05,Driver,2024-10-10,23,Erie,NY,
266,Ryan,Davis,M,71.0,1953-07-09,Driver,2024-06-27,16,,NY,11701.0
957,Carol,Williams,,83.0,1941-01-25,Driver,2024-04-25,8,Queens,NY,
267,Carol,Rivera,F,83.0,1941-02-17,Driver,2024-04-06,13,Erie,NY,10002.0
795,Richard,Hernandez,M,66.0,1958-12-11,Driver,2024-01-15,10,Queens,NY,
849,Sharon,Torres,M,25.0,1999-08-20,Driver,2024-11-03,1,Nassau,NY,13502.0
912,Timothy,Thomas,,86.0,1938-10-16,Driver,2024-05-19,14,Onondaga,NY,10451.0
268,Brian,Clark,M,88.0,1936-07-06,Driver,2024-03-31,11,Erie,NY,
269,,Young,F,16.0,2008-05-25,Driver,2024-01-04,21,Richmond,NY,
270,Rebecca,Miller,M,51.0,1973-12-27,Driver,2024-03-12,0,Richmond,NY,
809,,Perez,F,21.0,2003-09-20,Driver,2024-04-02,19,Suffolk,NY,
949,Lisa,Baker,M,35.0,1989-11-06,Driver,2024-12-26,20,Albany,NY,10002.0
982,Stephanie,Moore,M,83.0,1941-09-13,Driver,2024-04-09,13,Bronx,NY,
271,Kathleen,,F,32.0,1992-12-13,Driver,2024-05-30,19,Kings,NY,12207.0
272,David,Lee,M,40.0,1984-12-09,Driver,2024-12-06,15,Suffolk,NY,
709,Timothy,Rodriguez,M,16.0,2008-08-07,Driver,2024-06-08,4,Albany,NY,
909,,Clark,M,86.0,1938-03-26,Driver,2024-09-13,11,Westchester,NY,12207.0
945,Emily,Perez,M,95.0,1929-06-08,Driver,2024-02-24,3,,NY,
273,Donna,Gonzalez,F,21.0,2003-03-28,Driver,2024-06-09,12,Richmond,NY,
274,Charles,Martinez,F,28.0,1996-10-11,Driver,2024-06-07,16,Westchester,NY,
810,Mary,Allen,F,18.0,2006-11-21,Passenger,2024-08-07,16,Bronx,NY,11701.0
275,Mary,Scott,M,80.0,1944-06-25,Driver,2024-07-19,12,Bronx,NY,
972,Jennifer,King,F,78.0,1946-10-02,Driver,2024-06-28,20,Albany,NY,
276,George,Torres,M,35.0,1989-07-14,Driver,2024-12-13,5,Albany,NY,
746,Andrew,Walker,F,25.0,1999-09-26,Driver,2024-12-02,2,New York,NY,
887,Edward,Miller,F,25.0,1999-02-18,Driver,2024-01-22,23,Albany,NY,10002.0
277,Jason,Adams,M,79.0,1945-06-01,Driver,2024-03-02,3,Bronx,NY,11701.0
715,John,Lewis,F,67.0,1957-06-19,Driver,2024-02-03,10,Onondaga,NY,
943,,Hernandez,M,,2005-11-25,Passenger,2024-05-03,1,,NY,
278,,King,M,,1941-09-23,Passenger,2024-11-29,3,,NY,
951,Rebecca,Gonzalez,M,,,Passenger,2024-03-13,7,,NY,
279,Cynthia,Jackson,F,83.0,1941-08-23,Driver,2024-06-09,16,Nassau,NY,10451.0
280,Margaret,Hall,M,20.0,2004-11-23,Driver,2024-11-26,6,,NY,
717,Kathleen,Torres,F,,1939-07-28,Driver,2024-12-01,3,Queens,NY,
281,Matthew,Miller,F,24.0,2000-12-10,Driver,2024-10-28,15,Bronx,NY,11901.0
736,John,Flores,F,75.0,1949-07-10,Driver,2024-03-06,10,Onondaga,NY,10002.0
797,Laura,Wilson,,38.0,1986-01-05,Driver,2024-09-20,10,Kings,NY,
282,Kenneth,White,F,25.0,1999-07-23,Pedestrian,2024-08-22,5,Onondaga,NY,14604.0
733,Elizabeth,Lopez,M,83.0,1941-01-10,Driver,2024-08-28,7,Kings,NY,
886,Lisa,Flores,F,25.0,1999-09-10,Driver,2024-12-27,21,Bronx,NY,10451.0
283,Margaret,,F,56.0,1968-08-17,Driver,2024-12-16,21,Queens,NY,13502.0
693,Linda,Johnson,M,44.0,1980-04-07,Passenger,2024-12-10,4,Erie,NY,
284,Patricia,Ramirez,M,17.0,2007-06-22,Driver,2024-05-07,17,Bronx,NY,10001.0
285,Richard,Garcia,M,52.0,1972-02-16,Driver,2024-01-04,4,Suffolk,NY,
766,Joseph,Johnson,M,,1967-09-21,Passenger,2024-12-29,0,,NY,
286,Kevin,Gonzalez,F,43.0,1981-02-14,Driver,2024-09-07,17,Onondaga,NY,
672,Steven,Smith,M,67.0,1957-12-24,Driver,2024-02-18,10,Onondaga,NY,
287,Charles,Young,M,84.0,1940-03-24,Driver,2024-09-18,5,Kings,NY,
724,Susan,Rivera,M,67.0,1957-06-18,Driver,2024-07-07,22,Suffolk,NY,13502.0
288,Anthony,King,M,,1952-04-11,Driver,2024-08-06,15,Albany,NY,
986,Karen,Smith,F,17.0,,Driver,2024-04-28,5,,NY,
289,Amanda,Scott,F,21.0,2003-12-26,Driver,2024-07-04,23,Richmond,NY,13021.0
911,Michael,Hill,F,76.0,1948-06-03,Driver,2024-03-19,18,Suffolk,NY,
290,Emily,Rivera,M,61.0,1963-06-12,Driver,2024-08-17,20,Westchester,NY,
690,Betty,Jackson,M,24.0,2000-03-11,Unknown,2024-05-02,5,New York,NY,11701.0
291,Betty,Hill,M,18.0,2006-10-07,Driver,2024-10-30,22,Albany,NY,
292,Carol,,F,46.0,1978-02-23,Driver,2024-10-08,8,Westchester,NY,
782,Lisa,Wilson,F,17.0,2007-02-25,Driver,2024-05-20,21,Albany,NY,12207.0
942,Jason,Clark,M,23.0,2001-10-06,Driver,2024-08-15,2,Suffolk,NY,14604.0
293,Susan,Nguyen,F,51.0,1973-03-15,Driver,2024-04-28,23,Westchester,NY,10001.0
697,Deborah,Torres,F,64.0,1960-02-09,Driver,2024-11-02,22,Queens,NY,
294,George,Smith,F,65.0,1959-02-27,Driver,2024-01-07,20,Albany,NY,10002.0
742,Kenneth,White,M,72.0,1952-06-13,Driver,2024-02-17,10,Westchester,NY,13202.0
893,Melissa,Garcia,F,25.0,1999-04-05,Driver,2024-12-04,20,Suffolk,NY,
295,Jason,Williams,M,24.0,2000-07-05,Driver,2024-01-01,7,Albany,NY,
296,Lisa,Hill,M,93.0,1931-11-22,Driver,2024-06-03,19,Monroe,NY,11901.0
784,Nancy,Davis,M,69.0,1955-06-01,Driver,2024-07-30,18,Erie,NY,14604.0
865,David,Scott,F,49.0,1975-10-09,Driver,2024-09-02,20,Albany,NY,
297,Christopher,Rodriguez,M,75.0,1949-08-14,Driver,2024-09-03,22,New York,NY,
298,Donald,Rodriguez,F,21.0,2003-06-28,Driver,2024-03-12,9,Onondaga,NY,
299,James,Torres,F,89.0,1935-03-16,Driver,2024-03-12,23,Queens,NY,11201.0
862,Margaret,Hill,M,21.0,2003-04-08,Driver,2024-10-02,12,Bronx,NY,14201.0
300,Kathleen,Hernandez,M,22.0,2002-03-24,Driver,2024-04-18,12,Richmond,NY,11201.0
301,Robert,Wilson,F,45.0,,Driver,2024-04-13,20,Albany,NY,
984,Ryan,Taylor,F,72.0,1952-11-19,Driver,2024-07-28,0,New York,NY,14830.0
302,Steven,Martinez,M,56.0,1968-10-28,Driver,2024-01-20,9,Erie,NY,13502.0
976,Mary,Campbell,M,,2003-07-11,Passenger,2024-04-19,7,Onondaga,NY,
303,Michelle,Hill,,23.0,2001-02-26,Driver,2024-01-08,4,Monroe,NY,12207.0
304,Edward,Flores,F,21.0,2003-09-28,Driver,2024-11-15,10,Nassau,NY,10001.0
967,Nancy,White,,19.0,2005-09-26,Driver,2024-01-19,15,Queens,NY,14201.0
305,Cynthia,Robinson,M,17.0,2007-07-25,Driver,2024-08-09,6,New York,NY,
306,Amanda,Ramirez,M,67.0,1957-03-03,Driver,2024-05-20,12,Bronx,NY,11201.0
998,Michael,Jackson,,75.0,1949-06-16,Driver,2024-01-03,7,Richmond,NY,13202.0
307,Cynthia,Hill,M,63.0,1961-10-05,Driver,2024-06-14,21,Westchester,NY,12207.0
749,William,Mitchell,F,63.0,1961-11-10,Driver,2024-01-06,6,New York,NY,
308,Susan,Gonzalez,F,65.0,1959-06-27,Passenger,2024-07-05,0,Monroe,NY,13202.0
776,George,Lewis,F,93.0,1931-03-08,Driver,2024-01-01,9,Nassau,NY,14201.0
903,Kathleen,Allen,F,82.0,1942-12-15,Driver,2024-05-21,2,Suffolk,NY,13021.0
309,Brian,Flores,F,32.0,1992-02-26,Driver,2024-02-23,2,Suffolk,NY,10451.0
853,Jessica,Walker,F,88.0,1936-05-12,Driver,2024-09-21,10,Queens,NY,
310,Ronald,,M,40.0,1984-09-10,Driver,2024-05-17,21,Monroe,NY,13202.0
759,Andrew,Hill,M,21.0,2003-02-19,Driver,2024-11-17,22,Westchester,NY,12207.0
311,George,Lopez,M,18.0,2006-07-08,Driver,2024-02-20,22,Erie,NY,
794,Emily,Adams,F,68.0,1956-07-03,Driver,2024-02-24,11,Queens,NY,
896,John,Rivera,F,17.0,2007-11-17,Passenger,2024-10-26,16,,NY,
312,Daniel,Lopez,M,45.0,1979-04-18,Driver,2024-05-05,23,New York,NY,
682,David,Hall,M,49.0,1975-10-15,Driver,2024-12-22,19,Nassau,NY,13202.0
756,Margaret,Walker,F,77.0,1947-05-28,Driver,2024-08-07,6,,NY,14201.0
888,Andrew,Robinson,F,16.0,2008-10-24,Driver,2024-02-22,5,Bronx,NY,
313,Amanda,Clark,M,,2001-03-06,Driver,2024-06-01,0,Erie,NY,
968,Kathleen,,F,33.0,1991-06-23,Passenger,2024-09-11,10,Nassau,NY,
314,William,Moore,M,17.0,2007-06-23,Driver,2024-10-09,20,Monroe,NY,
315,Matthew,Ramirez,M,93.0,1931-11-27,Driver,2024-02-02,14,Erie,NY,14604.0
908,,Moore,F,51.0,1973-11-23,Passenger,2024-03-11,15,Erie,NY,
989,Barbara,Green,M,16.0,2008-07-01,Driver,2024-04-24,5,New York,NY,
316,Ronald,Lee,F,77.0,1947-05-20,Driver,2024-04-18,16,Kings,NY,10451.0
317,Ronald,Torres,F,44.0,1980-03-27,Passenger,2024-07-25,1,Queens,NY,
773,Mark,Hernandez,M,18.0,2006-10-05,Driver,2024-03-08,0,Monroe,NY,12207.0
318,,Brown,F,,2003-12-24,Driver,2024-08-11,7,Erie,NY,
850,Michael,Smith,F,85.0,1939-11-28,Driver,2024-12-27,10,New York,NY,
319,Kenneth,Lewis,F,72.0,1952-10-16,Driver,2024-12-04,15,Monroe,NY,
996,Donald,Nelson,F,86.0,1938-02-09,Driver,2024-12-25,2,Kings,NY,
320,Edward,Lee,F,23.0,2001-11-05,Driver,2024-09-15,3,Erie,NY,14830.0
321,Linda,Scott,M,69.0,1955-07-17,Driver,2024-08-08,16,Nassau,NY,13502.0
818,Sarah,Hernandez,F,51.0,1973-11-21,Driver,2024-11-03,11,Erie,NY,
322,Brian,Rivera,F,72.0,1952-12-27,Driver,2024-12-20,8,Onondaga,NY,
323,,Jones,M,26.0,1998-10-12,Driver,2024-08-30,18,Albany,NY,10002.0
324,Cynthia,King,F,64.0,1960-08-04,Driver,2024-05-18,21,,NY,
325,Barbara,Taylor,F,21.0,2003-07-19,Driver,2024-08-01,8,Monroe,NY,12207.0
861,Steven,Lopez,M,17.0,2007-01-21,Driver,2024-04-12,10,New York,NY,
326,Jason,Nguyen,,65.0,1959-07-12,Driver,2024-12-04,0,Albany,NY,14604.0
991,Jason,King,F,81.0,1943-02-15,Driver,2024-01-07,20,Kings,NY,10451.0
327,Ryan,Martin,F,22.0,2002-11-11,Driver,2024-10-23,4,Suffolk,NY,14604.0
760,Sandra,Martinez,M,21.0,2003-07-12,Driver,2024-01-14,8,New York,NY,14604.0
768,Karen,Thompson,F,90.0,1934-09-14,Driver,2024-01-08,12,Bronx,NY,
913,Joseph,Ramirez,M,68.0,1956-06-28,Driver,2024-07-29,18,Erie,NY,
328,Mary,Clark,M,20.0,2004-04-19,Driver,2024-09-19,11,Erie,NY,10002.0
329,Patricia,Hall,M,23.0,2001-03-08,Driver,2024-12-11,20,Erie,NY,
668,,Smith,M,45.0,1979-08-09,Passenger,2024-03-02,22,Erie,NY,
669,Ashley,Thompson,,89.0,1935-10-25,Driver,2024-12-05,5,Albany,NY,
889,Richard,Brown,F,,2008-04-02,Driver,2024-06-06,9,Albany,NY,13202.0
895,Kathleen,Martinez,F,,1973-01-26,Driver,2024-07-13,1,Monroe,NY,14604.0
330,Jason,Flores,F,33.0,1991-07-05,Driver,2024-11-21,0,Erie,NY,14604.0
331,,Lewis,M,,,Pedestrian,2024-08-22,8,Albany,NY,14830.0
894,Ryan,Moore,F,88.0,1936-03-09,Driver,2024-04-07,17,Onondaga,NY,11901.0
332,,,F,59.0,1965-05-05,Passenger,2024-12-23,10,,NY,13202.0
333,Deborah,Jones,M,85.0,1939-01-06,Driver,2024-06-13,3,Westchester,NY,11901.0
823,Jessica,Campbell,M,,1949-09-02,Driver,2024-07-01,0,Westchester,NY,10001.0
859,Charles,Moore,M,,1963-05-05,Driver,2024-12-08,21,Albany,NY,10002.0
334,Barbara,Baker,F,59.0,1965-08-07,Driver,2024-04-16,18,Onondaga,NY,
335,Michael,Davis,M,24.0,2000-06-01,Driver,2024-04-24,9,Monroe,NY,
336,Patricia,Wright,F,23.0,2001-05-21,Driver,2024-01-16,1,Nassau,NY,14830.0
337,Brian,Williams,,22.0,2002-10-24,Driver,2024-11-09,2,Queens,NY,10001.0
338,Kathleen,,,38.0,1986-09-20,Driver,2024-07-13,21,Suffolk,NY,13202.0
339,Daniel,Gonzalez,M,41.0,1983-04-03,Driver,2024-10-28,0,,NY,
340,Barbara,Jackson,M,19.0,2005-05-05,Driver,2024-11-06,12,Onondaga,NY,
341,Emily,Jackson,F,20.0,2004-06-23,Driver,2024-10-04,16,Bronx,NY,
342,Nancy,Campbell,,19.0,2005-12-15,Driver,2024-11-28,14,Bronx,NY,
343,Mark,Williams,M,86.0,1938-07-18,Driver,2024-01-27,21,Monroe,NY,13202.0
344,George,Flores,F,88.0,1936-12-25,Driver,2024-01-30,3,Queens,NY,12207.0
345,,Thomas,M,20.0,2004-02-08,Driver,2024-10-04,9,Nassau,NY,
346,Thomas,Lopez,M,16.0,2008-08-02,Driver,2024-07-02,15,Suffolk,NY,14201.0
347,Laura,Young,M,69.0,1955-10-21,Driver,2024-01-26,7,Bronx,NY,13202.0
348,Paul,Rivera,M,17.0,2007-02-17,Driver,2024-08-15,3,Queens,NY,13202.0
349,Anthony,Adams,M,44.0,1980-10-01,Driver,2024-03-23,11,Albany,NY,14604.0
350,Sharon,Nguyen,M,50.0,1974-11-03,Driver,2024-02-09,7,Richmond,NY,
351,Christopher,Moore,,94.0,1930-04-11,Driver,2024-05-04,11,Kings,NY,
352,Donald,Hill,M,40.0,1984-10-27,Driver,2024-03-05,17,Kings,NY,
353,Ashley,Green,F,,2006-08-01,Driver,2024-03-26,3,New York,NY,14604.0
354,Cynthia,Ramirez,,,1942-04-23,Passenger,2024-05-30,3,Nassau,NY,11701.0
355,,Ramirez,M,69.0,1955-12-06,Driver,2024-10-28,16,Bronx,NY,
356,Ashley,Perez,M,81.0,1943-10-17,Driver,2024-08-06,9,Nassau,NY,10002.0
357,Daniel,Jackson,M,,2001-08-08,Pedestrian,2024-03-27,9,,NY,13502.0
358,Paul,Gonzalez,M,27.0,1997-06-07,Driver,2024-05-24,18,New York,NY,
359,William,Moore,M,21.0,2003-02-24,Driver,2024-04-23,23,Bronx,NY,
360,Melissa,King,M,28.0,1996-11-21,Driver,2024-01-05,7,Erie,NY,13502.0
361,Edward,Campbell,F,17.0,2007-08-18,Driver,2024-11-08,6,Westchester,NY,13021.0
362,Ashley,Young,F,76.0,1948-09-16,Driver,2024-05-31,3,Kings,NY,13202.0
363,Brian,Sanchez,F,56.0,1968-08-20,Driver,2024-07-29,21,Kings,NY,
364,Thomas,Brown,M,47.0,1977-11-27,Driver,2024-01-24,9,Onondaga,NY,10001.0
365,Rebecca,Harris,M,48.0,1976-09-03,Driver,2024-12-01,1,Queens,NY,
366,George,,F,,2008-09-04,Driver,2024-09-13,12,Onondaga,NY,14201.0
367,Laura,Garcia,M,87.0,1937-12-14,Driver,2024-01-11,0,Westchester,NY,14201.0
368,Sarah,Robinson,M,25.0,1999-08-13,Driver,2024-05-29,13,Bronx,NY,11701.0
369,Michael,Lewis,M,51.0,1973-04-15,Driver,2024-07-08,15,Richmond,NY,
370,Sharon,Walker,M,40.0,,Driver,2024-09-09,8,New York,NY,
371,Christopher,Adams,M,80.0,1944-09-18,Driver,2024-02-11,3,New York,NY,
372,Rebecca,King,M,61.0,1963-07-13,Driver,2024-01-05,9,Bronx,NY,
373,Michelle,,M,80.0,1944-08-07,Unknown,2024-06-18,23,Westchester,NY,
374,Richard,Gonzalez,F,75.0,1949-02-02,Driver,2024-11-15,14,Richmond,NY,14604.0
375,Kathleen,Taylor,F,71.0,1953-02-19,Driver,2024-03-19,3,Westchester,NY,
376,Rebecca,Mitchell,F,80.0,1944-04-06,Driver,2024-01-02,7,Kings,NY,
377,Donald,Lee,M,41.0,1983-09-13,Driver,2024-07-12,12,Westchester,NY,
378,Ashley,Hall,,82.0,1942-07-21,Driver,2024-06-27,5,Albany,NY,10001.0
379,,Lewis,M,25.0,1999-05-11,Driver,2024-02-18,11,Monroe,NY,
380,Mary,,F,55.0,1969-08-06,Driver,2024-08-30,23,Suffolk,NY,
381,Mark,Green,,24.0,2000-05-28,Driver,2024-04-09,20,Richmond,NY,
382,Sharon,Nelson,F,24.0,2000-03-24,Driver,2024-05-16,2,Erie,NY,
383,Sandra,Torres,F,,2001-02-04,Driver,2024-02-16,5,Westchester,NY,
384,Sharon,Baker,F,38.0,1986-12-25,Driver,2024-03-08,9,Albany,NY,14201.0
385,,Young,M,89.0,1935-11-17,Driver,2024-08-18,20,Suffolk,NY,
386,Lisa,Hall,F,88.0,1936-05-03,Driver,2024-09-19,6,Monroe,NY,
387,John,Lee,F,92.0,1932-01-06,Driver,2024-08-03,15,Nassau,NY,
388,Margaret,Campbell,M,42.0,1982-12-12,Driver,2024-11-03,10,Onondaga,NY,
389,Donna,Johnson,M,20.0,2004-10-23,Driver,2024-09-25,6,Richmond,NY,
390,Elizabeth,Gonzalez,F,17.0,2007-03-08,Driver,2024-04-14,13,,NY,13021.0
391,Matthew,Robinson,F,32.0,1992-07-05,Driver,2024-06-11,4,New York,NY,
392,Jeffrey,Hill,M,21.0,2003-06-17,Driver,2024-01-01,19,Richmond,NY,
393,Karen,Harris,F,73.0,1951-07-06,Driver,2024-03-24,12,Suffolk,NY,
394,Amanda,Robinson,M,86.0,1938-07-14,Driver,2024-01-28,9,New York,NY,
395,Barbara,Ramirez,,,1938-02-05,Driver,2024-01-04,10,Westchester,NY,
396,Joshua,,M,86.0,1938-05-25,Driver,2024-01-13,17,Monroe,NY,
397,Paul,Miller,,23.0,2001-07-09,Driver,2024-06-25,14,Westchester,NY,13021.0
398,Rebecca,Miller,M,31.0,1993-06-21,Driver,2024-06-03,13,New York,NY,14830.0
399,Steven,Wright,,16.0,2008-06-19,Driver,2024-08-30,6,,NY,
400,Anthony,Nelson,M,25.0,1999-11-11,Driver,2024-02-19,7,Kings,NY,10001.0
401,Lisa,Perez,M,35.0,1989-08-28,Driver,2024-09-12,6,Queens,NY,13502.0
402,Nancy,Martin,M,23.0,2001-01-05,Driver,2024-11-15,18,Erie,NY,
403,Edward,Davis,,17.0,2007-10-10,Passenger,2024-04-01,5,Westchester,NY,13021.0
404,Christopher,Allen,F,92.0,1932-07-16,Driver,2024-08-25,9,Onondaga,NY,14604.0
405,Richard,Green,,25.0,1999-10-17,Driver,2024-02-11,19,Richmond,NY,14604.0
406,Emily,Allen,,36.0,1988-08-12,Passenger,2024-05-02,5,Onondaga,NY,
407,Barbara,Robinson,M,25.0,1999-06-28,Driver,2024-03-22,7,Onondaga,NY,
408,Melissa,Wright,M,60.0,1964-12-01,Driver,2024-08-12,15,,NY,
409,Thomas,,M,,2006-06-14,Passenger,2024-12-02,10,Erie,NY,
410,Brian,Lewis,M,73.0,1951-10-09,Driver,2024-10-31,1,Erie,NY,13021.0
411,Charles,Martinez,F,69.0,1955-10-10,Driver,2024-07-15,8,,NY,
412,Daniel,Adams,F,46.0,1978-09-12,Driver,2024-07-12,15,,NY,11701.0
413,Ronald,Davis,F,79.0,1945-10-21,Passenger,2024-01-07,23,Queens,NY,10002.0
414,Rebecca,Brown,M,72.0,1952-05-26,Driver,2024-04-03,22,Suffolk,NY,11201.0
415,,Martin,M,25.0,1999-10-16,Driver,2024-08-25,3,Queens,NY,
416,Andrew,Smith,F,33.0,1991-12-15,Driver,2024-11-25,6,Richmond,NY,
417,Carol,Martin,M,75.0,1949-05-22,Driver,2024-10-14,16,,NY,
418,Karen,Miller,M,85.0,1939-11-18,Driver,2024-04-03,6,Bronx,NY,
419,Richard,Sanchez,F,36.0,1988-06-17,Driver,2024-08-30,20,Richmond,NY,13202.0
420,Mark,Martin,M,78.0,1946-01-25,Driver,2024-07-25,1,,NY,
421,Ronald,Harris,M,71.0,1953-04-20,Driver,2024-09-14,14,Monroe,NY,11701.0
422,Ashley,Thomas,M,77.0,1947-01-04,Driver,2024-01-29,20,Nassau,NY,
423,Andrew,,,75.0,1949-10-18,Driver,2024-12-04,8,Queens,NY,11701.0
424,Jeffrey,Wilson,M,79.0,1945-06-11,Driver,2024-04-11,21,Westchester,NY,13202.0
425,Mary,Torres,M,24.0,2000-06-26,Driver,2024-10-02,15,Monroe,NY,14830.0
426,Carol,Gonzalez,F,53.0,1971-05-15,Driver,2024-08-19,23,Erie,NY,
427,Michelle,Harris,M,22.0,2002-03-09,Driver,2024-04-24,18,Suffolk,NY,
428,Barbara,Miller,M,92.0,1932-01-25,Passenger,2024-03-06,17,,NY,10001.0
429,William,Lewis,M,27.0,1997-08-28,Driver,2024-04-16,12,Albany,NY,10002.0
430,Ashley,Mitchell,F,46.0,1978-07-07,Driver,2024-04-17,2,,NY,14604.0
431,,Adams,F,31.0,1993-11-21,Passenger,2024-07-18,15,,NY,
432,John,Brown,F,20.0,2004-06-20,Driver,2024-07-31,5,New York,NY,
433,,Green,F,46.0,1978-01-26,Driver,2024-01-14,10,,NY,
434,Joseph,,M,23.0,2001-08-14,Driver,2024-10-01,14,Erie,NY,12207.0
435,Ashley,Mitchell,F,69.0,1955-04-17,Driver,2024-03-07,4,Kings,NY,13502.0
436,Kimberly,,F,,2006-06-14,Driver,2024-07-10,21,Erie,NY,10451.0
437,David,Sanchez,M,80.0,1944-06-07,Driver,2024-11-17,18,New York,NY,
438,Rebecca,Young,F,68.0,1956-11-28,Driver,2024-06-24,16,Monroe,NY,
439,Daniel,Martin,M,95.0,1929-02-28,Driver,2024-09-15,5,New York,NY,
440,Kimberly,King,M,82.0,1942-04-23,Driver,2024-09-28,5,Nassau,NY,14201.0
441,,,M,52.0,1972-08-15,Passenger,2024-06-13,4,Westchester,NY,
442,Jason,Hernandez,F,41.0,1983-07-26,Driver,2024-03-22,20,New York,NY,10451.0
443,Mark,Martinez,F,26.0,1998-11-04,Driver,2024-09-23,9,Queens,NY,11701.0
444,Lisa,Moore,F,20.0,2004-02-21,Driver,2024-08-26,13,Richmond,NY,
445,Edward,Nelson,M,53.0,1971-07-02,Driver,2024-11-22,3,Monroe,NY,10451.0
446,Donna,Young,M,,1951-02-25,Driver,2024-12-28,15,Queens,NY,13202.0
447,Donna,Baker,,91.0,1933-07-23,Driver,2024-01-21,11,Suffolk,NY,
448,Mary,Green,F,,2002-01-24,Driver,2024-08-21,8,Nassau,NY,
449,Laura,Scott,F,48.0,1976-03-28,Driver,2024-09-12,2,Nassau,NY,
450,Barbara,,M,57.0,1967-06-11,Passenger,2024-08-12,11,Erie,NY,10451.0
451,Jennifer,Garcia,F,51.0,1973-05-05,Driver,2024-06-23,17,Nassau,NY,
452,Jason,Williams,M,20.0,,Driver,2024-04-24,22,,NY,
453,Andrew,Gonzalez,M,63.0,1961-07-21,Driver,2024-10-21,12,Westchester,NY,11201.0
454,Christopher,Hall,M,69.0,1955-02-26,Driver,2024-09-16,22,Onondaga,NY,
455,Michelle,Lewis,M,95.0,1929-03-01,Driver,2024-10-13,14,Queens,NY,11701.0
456,Joshua,Young,,34.0,1990-07-07,Driver,2024-12-04,14,Monroe,NY,14830.0
457,Patricia,Rivera,F,89.0,1935-02-20,Driver,2024-02-02,16,New York,NY,
458,Betty,Torres,F,90.0,1934-07-13,Driver,2024-12-22,15,Erie,NY,13021.0
459,Jennifer,,M,20.0,2004-01-20,Driver,2024-02-01,17,,NY,10451.0
460,Kenneth,Flores,,76.0,1948-02-28,Driver,2024-12-15,4,Richmond,NY,
461,Ronald,Davis,F,20.0,2004-02-12,Driver,2024-12-15,5,Richmond,NY,13021.0
462,Emily,Jones,M,72.0,1952-08-07,Driver,2024-07-25,1,Nassau,NY,14830.0
463,Andrew,Hall,,82.0,,Driver,2024-05-24,10,Erie,NY,
464,Ashley,Jackson,F,,1943-01-07,Driver,2024-02-15,9,,NY,
465,Jason,Baker,F,59.0,1965-03-17,Driver,2024-07-08,21,Westchester,NY,
466,Kathleen,Harris,M,,,Pedestrian,2024-05-03,21,Nassau,NY,13021.0
467,Andrew,Rivera,F,71.0,1953-11-24,Driver,2024-05-19,13,Westchester,NY,12207.0
468,William,Nelson,F,17.0,2007-02-06,Driver,2024-09-07,2,Erie,NY,
469,,Sanchez,F,31.0,1993-09-28,Driver,2024-09-11,6,,NY,
470,,Lewis,F,24.0,2000-04-25,Driver,2024-04-17,23,Nassau,NY,
471,Robert,Anderson,M,23.0,2001-01-28,Driver,2024-08-13,2,Kings,NY,
472,Kathleen,Lee,M,17.0,2007-11-08,Driver,2024-01-04,12,Albany,NY,
473,Andrew,Adams,M,77.0,1947-08-24,Driver,2024-05-01,21,Onondaga,NY,14604.0
474,Thomas,Hernandez,M,20.0,2004-03-02,Driver,2024-08-23,13,Westchester,NY,12207.0
475,Nancy,Perez,M,88.0,1936-09-07,Driver,2024-05-05,6,Westchester,NY,
476,Donald,Miller,M,93.0,,Driver,2024-01-27,6,Kings,NY,
477,Deborah,Baker,F,22.0,2002-10-26,Driver,2024-04-11,4,New York,NY,11901.0
478,Robert,Garcia,M,29.0,1995-06-28,Driver,2024-02-16,10,Nassau,NY,
479,Michael,Scott,M,36.0,1988-07-04,Driver,2024-09-29,19,New York,NY,
480,Jeffrey,Harris,M,89.0,1935-01-19,Driver,2024-12-18,11,Onondaga,NY,
481,Karen,Baker,M,19.0,2005-11-11,Driver,2024-05-29,22,Bronx,NY,
482,Ryan,,M,29.0,1995-11-08,Driver,2024-12-24,9,Monroe,NY,10001.0
483,Deborah,Torres,M,93.0,1931-08-13,Driver,2024-07-17,1,Westchester,NY,
484,,,M,,,Passenger,2024-12-07,10,,NY,10001.0
485,George,Smith,F,25.0,1999-02-05,Driver,2024-10-25,20,,NY,
486,Margaret,Baker,M,17.0,2007-07-11,Driver,2024-11-16,16,Kings,NY,
487,Richard,Taylor,M,71.0,1953-12-04,Driver,2024-12-25,2,Kings,NY,
488,Daniel,Mitchell,M,20.0,2004-05-25,Driver,2024-03-23,2,Albany,NY,
489,Donna,White,,95.0,1929-02-19,Driver,2024-05-14,23,Nassau,NY,14604.0
490,Sandra,Robinson,M,51.0,1973-08-28,Driver,2024-08-25,14,Erie,NY,13021.0
491,Cynthia,Lopez,M,39.0,1985-02-01,Driver,2024-07-19,15,Erie,NY,
492,Edward,Hernandez,M,76.0,1948-02-03,Driver,2024-06-14,22,Onondaga,NY,14830.0
493,,Hill,M,21.0,2003-12-28,Passenger,2024-03-06,11,,NY,
494,Sarah,Scott,M,38.0,1986-03-11,Driver,2024-11-19,18,Kings,NY,
495,Kimberly,Young,M,,1981-02-15,Driver,2024-07-18,6,Monroe,NY,
496,Christopher,Young,F,82.0,1942-04-27,Driver,2024-11-26,6,Richmond,NY,
497,Thomas,Wilson,M,22.0,2002-02-12,Driver,2024-08-26,4,Onondaga,NY,
498,Mary,Davis,M,23.0,,Driver,2024-06-10,23,New York,NY,
499,Steven,Brown,M,57.0,1967-02-03,Driver,2024-03-12,4,Bronx,NY,
500,,Sanchez,F,67.0,1957-04-15,Driver,2024-03-22,3,Monroe,NY,
501,Laura,Rodriguez,M,22.0,2002-01-17,Driver,2024-05-28,15,Albany,NY,13502.0
502,Cynthia,Hernandez,M,16.0,2008-11-24,Driver,2024-11-14,9,Monroe,NY,
503,Mark,Hill,F,89.0,1935-07-07,Driver,2024-04-04,3,Albany,NY,
504,Patricia,Adams,F,93.0,1931-05-07,Driver,2024-09-18,0,Monroe,NY,
505,Emily,Hill,M,41.0,1983-02-20,Driver,2024-02-24,0,Albany,NY,14604.0
506,Deborah,White,M,65.0,1959-05-25,Driver,2024-01-18,3,Monroe,NY,
507,Linda,Garcia,F,93.0,1931-10-23,Driver,2024-10-12,8,Monroe,NY,
508,James,Torres,F,95.0,1929-05-23,Driver,2024-05-24,23,Onondaga,NY,
509,Brian,Young,F,29.0,1995-05-12,Driver,2024-02-15,19,Nassau,NY,
510,,,F,93.0,1931-08-22,Passenger,2024-10-04,13,Nassau,NY,
511,Steven,Green,M,18.0,,Driver,2024-04-15,22,,NY,
512,Melissa,Perez,M,21.0,2003-09-13,Driver,2024-09-24,21,New York,NY,11901.0
513,Michael,Young,M,20.0,2004-04-25,Driver,2024-07-26,9,,NY,
514,Daniel,Nelson,M,74.0,,Driver,2024-07-10,6,,NY,
515,,,,53.0,1971-12-19,Driver,2024-11-13,11,Suffolk,NY,10002.0
516,Sandra,Harris,F,23.0,2001-01-11,Driver,2024-06-07,17,Westchester,NY,
517,Brian,Torres,M,29.0,1995-05-19,Driver,2024-03-01,22,Queens,NY,
518,Jessica,Smith,M,37.0,1987-07-02,Driver,2024-06-03,5,Kings,NY,14830.0
519,Andrew,Johnson,M,87.0,1937-07-01,Driver,2024-12-28,16,Westchester,NY,
520,Betty,Allen,M,34.0,1990-02-01,Driver,2024-03-23,2,Richmond,NY,
521,Richard,Martinez,M,51.0,1973-01-12,Driver,2024-01-31,16,Albany,NY,
522,Donald,Wilson,M,85.0,1939-11-18,Driver,2024-02-06,4,Suffolk,NY,10451.0
523,Jason,Taylor,M,28.0,1996-06-25,Driver,2024-07-21,0,Kings,NY,
524,Laura,Green,M,74.0,1950-08-25,Driver,2024-02-08,13,Richmond,NY,13202.0
525,Karen,Wright,F,56.0,1968-09-16,Driver,2024-07-16,22,Richmond,NY,10002.0
526,Thomas,Green,M,20.0,2004-10-17,Passenger,2024-04-26,10,Nassau,NY,
527,Michelle,Rodriguez,F,71.0,1953-11-22,Driver,2024-07-04,22,Queens,NY,11201.0
528,Jeffrey,Adams,F,77.0,1947-08-23,Driver,2024-05-18,18,Onondaga,NY,
529,Ashley,Robinson,F,91.0,1933-05-17,Driver,2024-10-17,13,Kings,NY,10001.0
530,,Jones,M,73.0,1951-03-26,Driver,2024-02-19,23,Suffolk,NY,14830.0
531,Timothy,Moore,F,,1952-03-01,Driver,2024-10-10,18,Nassau,NY,
532,,,,40.0,1984-04-15,Passenger,2024-11-08,5,Erie,NY,
533,Melissa,Lewis,M,50.0,,Driver,2024-07-13,0,Queens,NY,13202.0
534,Elizabeth,Rivera,M,50.0,1974-03-26,Driver,2024-07-25,6,Kings,NY,10002.0
535,Mark,Rivera,F,76.0,1948-06-13,Driver,2024-01-11,15,New York,NY,
536,Kimberly,Hill,M,16.0,2008-07-12,Driver,2024-01-25,7,Bronx,NY,
537,Ryan,Lopez,M,24.0,2000-02-08,Driver,2024-02-17,19,Albany,NY,10451.0
538,Joshua,Rivera,M,,1981-03-18,Driver,2024-03-04,14,Queens,NY,
539,Patricia,Sanchez,M,18.0,2006-03-08,Driver,2024-11-07,11,Richmond,NY,
540,Sandra,King,F,77.0,1947-09-18,Passenger,2024-07-25,16,Onondaga,NY,11201.0
541,Rebecca,Williams,M,76.0,1948-05-04,Driver,2024-11-05,13,,NY,11201.0
542,Carol,Martin,,19.0,2005-08-09,Driver,2024-09-06,12,Onondaga,NY,
543,Matthew,Adams,F,20.0,2004-06-27,Driver,2024-09-19,17,Onondaga,NY,14201.0
544,Patricia,Johnson,M,76.0,1948-01-15,Driver,2024-07-25,10,Richmond,NY,13502.0
545,George,Mitchell,F,18.0,2006-07-11,Driver,2024-12-04,22,Onondaga,NY,10451.0
546,Anthony,Torres,M,35.0,1989-07-18,Driver,2024-10-17,8,Kings,NY,
547,Sandra,Perez,F,56.0,1968-05-19,Driver,2024-10-12,17,Westchester,NY,14604.0
548,Donald,Moore,M,80.0,1944-12-13,Driver,2024-01-27,18,Monroe,NY,13502.0
549,Nancy,Clark,F,75.0,1949-05-03,Driver,2024-05-04,5,Richmond,NY,
550,Nancy,Davis,M,80.0,1944-07-19,Driver,2024-04-19,12,New York,NY,11201.0
551,Paul,Ramirez,M,18.0,2006-01-01,Driver,2024-08-29,5,Albany,NY,
552,Donna,Garcia,F,91.0,1933-04-26,Driver,2024-03-28,12,Onondaga,NY,13502.0
553,Michael,Young,F,66.0,1958-07-28,Driver,2024-06-22,21,Erie,NY,10451.0
554,,Robinson,M,17.0,2007-01-19,Unknown,2024-03-01,4,Bronx,NY,13021.0
555,Emily,,F,39.0,1985-08-21,Driver,2024-01-18,11,Erie,NY,13202.0
556,Mark,Rodriguez,F,53.0,1971-11-11,Driver,2024-10-17,22,Erie,NY,10451.0
557,George,Lopez,M,49.0,1975-12-11,Driver,2024-11-10,11,Nassau,NY,
558,Donna,,F,16.0,2008-08-24,Driver,2024-10-29,17,Monroe,NY,
559,Jeffrey,Hill,F,,1961-04-15,Driver,2024-05-15,9,Suffolk,NY,
560,Margaret,Brown,F,43.0,1981-09-27,Driver,2024-10-06,13,Albany,NY,
561,Linda,Thomas,,88.0,1936-06-06,Driver,2024-10-06,20,Kings,NY,
562,David,Ramirez,M,17.0,2007-05-10,Driver,2024-10-04,22,Queens,NY,
563,Linda,Allen,F,55.0,1969-09-04,Driver,2024-09-03,21,Richmond,NY,11901.0
564,Jennifer,Jones,M,24.0,2000-12-18,Driver,2024-04-09,15,Suffolk,NY,
565,Donna,Mitchell,F,,1984-11-25,Driver,2024-09-10,17,Onondaga,NY,13202.0
566,Laura,Robinson,M,64.0,1960-09-18,Driver,2024-02-29,18,Erie,NY,
567,John,Miller,M,18.0,2006-12-09,Driver,2024-07-13,4,Monroe,NY,
568,Jennifer,Rodriguez,F,92.0,1932-02-12,Driver,2024-02-28,3,Monroe,NY,
569,Edward,Garcia,F,83.0,1941-12-18,Driver,2024-06-01,17,Suffolk,NY,
570,Donna,Smith,M,80.0,1944-06-13,Driver,2024-10-04,3,Monroe,NY,
571,Melissa,Rodriguez,M,58.0,1966-04-14,Driver,2024-01-03,21,Queens,NY,
572,Daniel,Rodriguez,,94.0,1930-10-10,Driver,2024-05-17,7,Richmond,NY,
573,Jason,Adams,F,41.0,1983-03-23,Driver,2024-01-21,7,Kings,NY,
574,Michael,Perez,M,17.0,2007-06-11,Driver,2024-07-29,12,Suffolk,NY,
575,Thomas,Smith,M,,2008-12-15,Driver,2024-09-25,9,Kings,NY,
576,Joseph,Lewis,M,56.0,1968-07-09,Driver,2024-03-23,15,Kings,NY,
577,Brian,Miller,,90.0,1934-05-24,Driver,2024-07-25,0,Bronx,NY,11201.0
578,,Young,F,16.0,2008-06-25,Driver,2024-12-19,17,New York,NY,14830.0
579,Andrew,Torres,M,84.0,1940-04-08,Driver,2024-06-15,1,Nassau,NY,
580,John,Wilson,M,,1936-02-04,Driver,2024-12-14,17,,NY,10451.0
581,Jennifer,,F,67.0,1957-05-26,Driver,2024-11-02,17,Westchester,NY,11901.0
582,Anthony,Perez,M,72.0,1952-10-09,Driver,2024-01-01,13,,NY,10451.0
583,Deborah,Williams,F,19.0,2005-04-05,Driver,2024-05-31,14,Albany,NY,11201.0
584,Donald,Harris,M,82.0,1942-03-22,Driver,2024-08-03,3,Bronx,NY,
585,Cynthia,Nguyen,F,47.0,1977-08-06,Driver,2024-10-31,17,Suffolk,NY,10451.0
586,,Jackson,M,94.0,1930-02-28,Driver,2024-10-24,3,Westchester,NY,
587,Barbara,Wright,M,41.0,1983-01-17,Driver,2024-11-06,17,Bronx,NY,11201.0
588,Rebecca,Anderson,F,18.0,2006-10-15,Driver,2024-02-06,13,Westchester,NY,11701.0
589,,Campbell,M,25.0,1999-02-03,Passenger,2024-12-18,6,Onondaga,NY,
590,Matthew,Baker,M,44.0,1980-05-09,Driver,2024-03-22,2,Queens,NY,10001.0
591,Christopher,Harris,M,79.0,1945-01-02,Driver,2024-11-02,1,Albany,NY,
592,Elizabeth,,M,49.0,1975-11-02,Driver,2024-07-06,9,Erie,NY,
593,Daniel,Johnson,F,59.0,1965-03-05,Driver,2024-02-03,1,Monroe,NY,13021.0
594,Barbara,Scott,F,94.0,1930-04-17,Driver,2024-04-09,12,Westchester,NY,
595,Carol,Nelson,F,20.0,2004-03-01,Driver,2024-05-04,13,Westchester,NY,
596,Kenneth,Harris,M,49.0,1975-05-28,Driver,2024-01-22,5,New York,NY,
597,Ronald,Moore,F,95.0,1929-09-17,Driver,2024-01-12,7,Westchester,NY,
598,Brian,,M,66.0,,Passenger,2024-04-14,6,Kings,NY,
599,Melissa,Hill,M,93.0,1931-02-18,Driver,2024-01-25,19,Kings,NY,10002.0
600,Ryan,Flores,F,95.0,1929-06-13,Driver,2024-02-18,14,,NY,
601,Stephanie,Clark,M,25.0,1999-09-01,Driver,2024-05-05,22,New York,NY,14604.0
602,Nancy,Flores,F,16.0,2008-02-10,Driver,2024-11-05,2,Bronx,NY,14604.0
603,Richard,Hernandez,F,,2005-10-20,Driver,2024-09-15,4,Bronx,NY,10001.0
604,Sharon,White,F,47.0,1977-04-16,Passenger,2024-07-21,13,New York,NY,
605,Jeffrey,Wilson,,84.0,1940-02-27,Driver,2024-01-14,12,Erie,NY,
606,Barbara,Ramirez,F,92.0,1932-08-14,Driver,2024-10-14,20,Erie,NY,
607,Richard,Perez,M,86.0,1938-09-24,Driver,2024-09-27,4,,NY,
608,Andrew,,F,44.0,1980-10-06,Pedal Cycle,2024-01-09,22,Onondaga,NY,14201.0
609,Sharon,Scott,F,55.0,1969-02-17,Driver,2024-05-31,4,Queens,NY,10451.0
610,Barbara,Gonzalez,M,40.0,1984-05-25,Driver,2024-03-13,13,,NY,13021.0
611,Mark,Lopez,F,19.0,2005-09-20,Driver,2024-04-22,10,Suffolk,NY,13202.0
612,Anthony,Nelson,M,25.0,1999-10-14,Driver,2024-06-23,0,Queens,NY,
613,Anthony,Green,M,26.0,1998-09-16,Driver,2024-08-06,3,Suffolk,NY,
614,Paul,Martinez,M,45.0,1979-09-09,Driver,2024-11-16,1,Albany,NY,11901.0
615,,Allen,M,19.0,2005-10-11,Driver,2024-01-14,1,Bronx,NY,13502.0
616,,Nguyen,F,85.0,1939-03-02,Driver,2024-07-07,7,Suffolk,NY,14604.0
617,Kevin,Rodriguez,F,24.0,2000-02-24,Driver,2024-09-08,23,Suffolk,NY,14201.0
618,Robert,Gonzalez,M,67.0,1957-03-11,Driver,2024-07-02,22,Erie,NY,
619,Matthew,Davis,M,91.0,1933-09-22,Driver,2024-06-11,4,Onondaga,NY,11201.0
620,Laura,Nguyen,,22.0,2002-05-17,Driver,2024-01-23,3,New York,NY,12207.0
621,Kevin,Allen,M,16.0,2008-03-21,Driver,2024-02-17,15,Richmond,NY,14830.0
622,Mark,Anderson,F,40.0,1984-09-08,Driver,2024-02-28,16,Erie,NY,14604.0
623,Betty,Baker,F,23.0,2001-12-02,Passenger,2024-07-25,15,,NY,
624,Kenneth,Thompson,F,22.0,2002-11-28,Driver,2024-12-03,11,Albany,NY,
625,Andrew,Rodriguez,M,79.0,,Driver,2024-10-12,18,Queens,NY,11901.0
626,John,Hill,F,24.0,2000-07-24,Driver,2024-11-02,22,Westchester,NY,
627,Mark,Green,M,90.0,1934-01-23,Driver,2024-12-01,14,Bronx,NY,
628,Stephanie,Jones,F,23.0,2001-08-20,Driver,2024-09-29,15,New York,NY,
629,Deborah,Williams,F,86.0,1938-09-01,Driver,2024-07-23,20,Erie,NY,14830.0
630,John,Johnson,F,24.0,2000-03-25,Driver,2024-06-24,11,Monroe,NY,13021.0
631,Paul,,F,22.0,2002-04-28,Passenger,2024-04-09,17,Richmond,NY,
632,Lisa,Harris,M,77.0,1947-10-08,Driver,2024-12-21,7,Nassau,NY,13502.0
633,Thomas,Harris,M,65.0,1959-10-11,Driver,2024-09-06,21,Monroe,NY,14830.0
634,Donald,Hernandez,M,87.0,1937-06-19,Driver,2024-04-30,8,Albany,NY,
635,,Wilson,F,92.0,1932-09-04,Driver,2024-05-01,13,Onondaga,NY,
636,Stephanie,Thompson,M,81.0,1943-02-23,Driver,2024-10-29,16,,NY,
637,David,Rodriguez,F,94.0,1930-07-14,Driver,2024-01-30,10,Richmond,NY,14201.0
638,Paul,Green,M,95.0,1929-06-26,Driver,2024-06-11,22,Richmond,NY,
639,John,Williams,F,19.0,2005-10-21,Driver,2024-04-28,2,Kings,NY,
640,Kenneth,Green,M,32.0,1992-05-10,Driver,2024-05-25,16,Queens,NY,11701.0
641,Charles,Adams,M,34.0,1990-06-28,Driver,2024-09-20,23,Westchester,NY,
642,Sharon,,M,93.0,1931-11-01,Driver,2024-11-16,9,Richmond,NY,
643,Donald,Sanchez,M,23.0,2001-03-26,Driver,2024-04-02,11,Onondaga,NY,13502.0
644,Jason,Nelson,F,86.0,1938-09-08,Driver,2024-02-22,12,Albany,NY,
645,Andrew,,F,,2008-06-06,Passenger,2024-03-29,4,,NY,10451.0
646,Emily,Scott,M,46.0,1978-11-12,Driver,2024-12-25,7,Richmond,NY,
647,Rebecca,Sanchez,M,62.0,1962-06-09,Driver,2024-05-09,18,Onondaga,NY,
648,Lisa,Thomas,F,89.0,1935-09-16,Driver,2024-02-27,6,Onondaga,NY,
649,Ronald,White,M,29.0,1995-09-07,Driver,2024-03-29,1,Albany,NY,11701.0
650,Melissa,White,F,72.0,1952-11-18,Driver,2024-07-20,1,Albany,NY,
651,Laura,Hernandez,,62.0,1962-02-01,Driver,2024-03-17,20,Richmond,NY,
652,Michelle,Gonzalez,F,80.0,1944-02-07,Driver,2024-12-17,18,Onondaga,NY,14604.0
653,Sandra,Nelson,M,17.0,2007-02-04,Driver,2024-07-14,12,Bronx,NY,
654,Michelle,Mitchell,F,25.0,1999-04-14,Driver,2024-07-13,10,Kings,NY,
655,Emily,Baker,M,94.0,1930-06-28,Driver,2024-01-05,18,,NY,
656,Ronald,Jones,F,26.0,1998-04-23,Driver,2024-12-07,18,Richmond,NY,
657,Christopher,,M,18.0,2006-04-28,Driver,2024-01-14,8,Bronx,NY,
658,David,Hill,,88.0,1936-02-14,Driver,2024-08-06,18,Albany,NY,10451.0
659,Brian,Rivera,,16.0,2008-02-01,Passenger,2024-11-11,11,New York,NY,13202.0
660,,,F,42.0,1982-08-27,Driver,2024-02-24,4,Monroe,NY,13502.0
661,Joseph,Miller,M,17.0,,Driver,2024-08-04,16,Albany,NY,
662,,Allen,M,72.0,1952-01-15,Driver,2024-12-30,7,Nassau,NY,
663,Andrew,,M,81.0,1943-11-12,Driver,2024-08-16,13,,NY,12207.0
664,Kathleen,Taylor,F,53.0,1971-03-03,Driver,2024-06-29,18,,NY,10001.0
665,Timothy,Jones,M,25.0,1999-08-22,Driver,2024-08-27,3,Monroe,NY,14201.0
666,Andrew,Smith,M,87.0,1937-02-11,Driver,2024-03-29,1,Monroe,NY,
667,Joseph,Adams,,79.0,1945-11-04,Driver,2024-07-31,12,Richmond,NY,
